[16-May-2025 01:25:36 Europe/Berlin] Connexion à la base de données réussie
[16-May-2025 01:26:05 Europe/Berlin] Connexion à la base de données réussie
[16-May-2025 01:26:05 Europe/Berlin] Réception d'une requête POST
[16-May-2025 01:26:05 Europe/Berlin] Données reçues - Username: admin
[16-May-2025 01:26:05 Europe/Berlin] Tentative de vérification de connexion
[16-May-2025 01:26:05 Europe/Berlin] Début de la vérification de connexion pour l'utilisateur: admin
[16-May-2025 01:26:05 Europe/Berlin] Utilisateur trouvé dans la base de données
[16-May-2025 01:26:05 Europe/Berlin] Hash stocké: $2y$10$h8zWxAkFqQjKGQQYZmv4Ie/vIyBa3Uv/5B9McT1Pmwzq8VMgpG/42
[16-May-2025 01:26:05 Europe/Berlin] Mot de passe vérifié avec succès
[16-May-2025 01:26:05 Europe/Berlin] Session initialisée avec succès
[16-May-2025 01:26:05 Europe/Berlin] Connexion réussie, tentative de redirection
[16-May-2025 01:55:26 Europe/Berlin] Connexion à la base de données réussie
[16-May-2025 01:55:37 Europe/Berlin] Connexion à la base de données réussie
[16-May-2025 01:55:37 Europe/Berlin] Réception d'une requête POST
[16-May-2025 01:55:37 Europe/Berlin] Données reçues - Username: admin
[16-May-2025 01:55:37 Europe/Berlin] Tentative de vérification de connexion
[16-May-2025 01:55:37 Europe/Berlin] Début de la vérification de connexion pour l'utilisateur: admin
[16-May-2025 01:55:37 Europe/Berlin] Utilisateur trouvé dans la base de données
[16-May-2025 01:55:37 Europe/Berlin] Hash stocké: $2y$10$h8zWxAkFqQjKGQQYZmv4Ie/vIyBa3Uv/5B9McT1Pmwzq8VMgpG/42
[16-May-2025 01:55:37 Europe/Berlin] Mot de passe vérifié avec succès
[16-May-2025 01:55:37 Europe/Berlin] Session initialisée avec succès
[16-May-2025 01:55:37 Europe/Berlin] Connexion réussie, tentative de redirection
[16-May-2025 02:04:41 Europe/Berlin] Connexion à la base de données réussie
[16-May-2025 02:04:51 Europe/Berlin] Connexion à la base de données réussie
[16-May-2025 02:04:51 Europe/Berlin] Réception d'une requête POST
[16-May-2025 02:04:51 Europe/Berlin] Données reçues - Username: admin
[16-May-2025 02:04:51 Europe/Berlin] Tentative de vérification de connexion
[16-May-2025 02:04:51 Europe/Berlin] Début de la vérification de connexion pour l'utilisateur: admin
[16-May-2025 02:04:51 Europe/Berlin] Utilisateur trouvé dans la base de données
[16-May-2025 02:04:51 Europe/Berlin] Hash stocké: $2y$10$h8zWxAkFqQjKGQQYZmv4Ie/vIyBa3Uv/5B9McT1Pmwzq8VMgpG/42
[16-May-2025 02:04:51 Europe/Berlin] Mot de passe vérifié avec succès
[16-May-2025 02:04:51 Europe/Berlin] Session initialisée avec succès
[16-May-2025 02:04:51 Europe/Berlin] Connexion réussie, tentative de redirection
[16-May-2025 10:45:02 Europe/Berlin] Connexion à la base de données réussie
[16-May-2025 10:45:11 Europe/Berlin] Connexion à la base de données réussie
[16-May-2025 10:45:11 Europe/Berlin] Réception d'une requête POST
[16-May-2025 10:45:11 Europe/Berlin] Données reçues - Username: admin
[16-May-2025 10:45:11 Europe/Berlin] Tentative de vérification de connexion
[16-May-2025 10:45:11 Europe/Berlin] Début de la vérification de connexion pour l'utilisateur: admin
[16-May-2025 10:45:11 Europe/Berlin] Utilisateur trouvé dans la base de données
[16-May-2025 10:45:11 Europe/Berlin] Hash stocké: $2y$10$h8zWxAkFqQjKGQQYZmv4Ie/vIyBa3Uv/5B9McT1Pmwzq8VMgpG/42
[16-May-2025 10:45:11 Europe/Berlin] Mot de passe vérifié avec succès
[16-May-2025 10:45:11 Europe/Berlin] Session initialisée avec succès
[16-May-2025 10:45:11 Europe/Berlin] Connexion réussie, tentative de redirection
[16-May-2025 10:45:16 Europe/Berlin] Connexion à la base de données réussie
[16-May-2025 10:45:25 Europe/Berlin] Connexion à la base de données réussie
[16-May-2025 10:45:25 Europe/Berlin] Réception d'une requête POST
[16-May-2025 10:45:25 Europe/Berlin] Données reçues - Username: admin
[16-May-2025 10:45:25 Europe/Berlin] Tentative de vérification de connexion
[16-May-2025 10:45:25 Europe/Berlin] Début de la vérification de connexion pour l'utilisateur: admin
[16-May-2025 10:45:25 Europe/Berlin] Utilisateur trouvé dans la base de données
[16-May-2025 10:45:25 Europe/Berlin] Hash stocké: $2y$10$h8zWxAkFqQjKGQQYZmv4Ie/vIyBa3Uv/5B9McT1Pmwzq8VMgpG/42
[16-May-2025 10:45:25 Europe/Berlin] Mot de passe vérifié avec succès
[16-May-2025 10:45:25 Europe/Berlin] Session initialisée avec succès
[16-May-2025 10:45:25 Europe/Berlin] Connexion réussie, tentative de redirection
[16-May-2025 12:33:56 Europe/Berlin] Connexion à la base de données réussie
[16-May-2025 12:34:00 Europe/Berlin] Connexion à la base de données réussie
[16-May-2025 12:34:00 Europe/Berlin] Réception d'une requête POST
[16-May-2025 12:34:00 Europe/Berlin] Données reçues - Username: admin
[16-May-2025 12:34:00 Europe/Berlin] Tentative de vérification de connexion
[16-May-2025 12:34:00 Europe/Berlin] Début de la vérification de connexion pour l'utilisateur: admin
[16-May-2025 12:34:01 Europe/Berlin] Utilisateur trouvé dans la base de données
[16-May-2025 12:34:01 Europe/Berlin] Hash stocké: $2y$10$h8zWxAkFqQjKGQQYZmv4Ie/vIyBa3Uv/5B9McT1Pmwzq8VMgpG/42
[16-May-2025 12:34:01 Europe/Berlin] Échec de la vérification du mot de passe
[16-May-2025 12:34:01 Europe/Berlin] Échec de la connexion
[16-May-2025 12:34:13 Europe/Berlin] Connexion à la base de données réussie
[16-May-2025 12:34:13 Europe/Berlin] Réception d'une requête POST
[16-May-2025 12:34:13 Europe/Berlin] Données reçues - Username: admin
[16-May-2025 12:34:13 Europe/Berlin] Tentative de vérification de connexion
[16-May-2025 12:34:13 Europe/Berlin] Début de la vérification de connexion pour l'utilisateur: admin
[16-May-2025 12:34:13 Europe/Berlin] Utilisateur trouvé dans la base de données
[16-May-2025 12:34:13 Europe/Berlin] Hash stocké: $2y$10$h8zWxAkFqQjKGQQYZmv4Ie/vIyBa3Uv/5B9McT1Pmwzq8VMgpG/42
[16-May-2025 12:34:13 Europe/Berlin] Mot de passe vérifié avec succès
[16-May-2025 12:34:13 Europe/Berlin] Session initialisée avec succès
[16-May-2025 12:34:13 Europe/Berlin] Connexion réussie, tentative de redirection
[16-May-2025 16:46:04 Europe/Berlin] Connexion à la base de données réussie
[16-May-2025 16:46:18 Europe/Berlin] Connexion à la base de données réussie
[16-May-2025 16:46:18 Europe/Berlin] Réception d'une requête POST
[16-May-2025 16:46:18 Europe/Berlin] Données reçues - Username: admin
[16-May-2025 16:46:18 Europe/Berlin] Tentative de vérification de connexion
[16-May-2025 16:46:18 Europe/Berlin] Début de la vérification de connexion pour l'utilisateur: admin
[16-May-2025 16:46:18 Europe/Berlin] Utilisateur trouvé dans la base de données
[16-May-2025 16:46:18 Europe/Berlin] Hash stocké: $2y$10$h8zWxAkFqQjKGQQYZmv4Ie/vIyBa3Uv/5B9McT1Pmwzq8VMgpG/42
[16-May-2025 16:46:18 Europe/Berlin] Mot de passe vérifié avec succès
[16-May-2025 16:46:18 Europe/Berlin] Session initialisée avec succès
[16-May-2025 16:46:18 Europe/Berlin] Connexion réussie, tentative de redirection
[16-May-2025 18:56:09 Europe/Berlin] Connexion à la base de données réussie
[16-May-2025 18:56:17 Europe/Berlin] Connexion à la base de données réussie
[16-May-2025 18:56:17 Europe/Berlin] Réception d'une requête POST
[16-May-2025 18:56:17 Europe/Berlin] Données reçues - Username: admin
[16-May-2025 18:56:17 Europe/Berlin] Tentative de vérification de connexion
[16-May-2025 18:56:17 Europe/Berlin] Début de la vérification de connexion pour l'utilisateur: admin
[16-May-2025 18:56:17 Europe/Berlin] Utilisateur trouvé dans la base de données
[16-May-2025 18:56:17 Europe/Berlin] Hash stocké: $2y$10$h8zWxAkFqQjKGQQYZmv4Ie/vIyBa3Uv/5B9McT1Pmwzq8VMgpG/42
[16-May-2025 18:56:17 Europe/Berlin] Mot de passe vérifié avec succès
[16-May-2025 18:56:17 Europe/Berlin] Session initialisée avec succès
[16-May-2025 18:56:17 Europe/Berlin] Connexion réussie, tentative de redirection
[16-May-2025 20:52:57 Europe/Berlin] Connexion à la base de données réussie
[16-May-2025 20:53:08 Europe/Berlin] Connexion à la base de données réussie
[16-May-2025 20:53:08 Europe/Berlin] Réception d'une requête POST
[16-May-2025 20:53:08 Europe/Berlin] Données reçues - Username: admin
[16-May-2025 20:53:08 Europe/Berlin] Tentative de vérification de connexion
[16-May-2025 20:53:08 Europe/Berlin] Début de la vérification de connexion pour l'utilisateur: admin
[16-May-2025 20:53:08 Europe/Berlin] Utilisateur trouvé dans la base de données
[16-May-2025 20:53:08 Europe/Berlin] Hash stocké: $2y$10$h8zWxAkFqQjKGQQYZmv4Ie/vIyBa3Uv/5B9McT1Pmwzq8VMgpG/42
[16-May-2025 20:53:09 Europe/Berlin] Mot de passe vérifié avec succès
[16-May-2025 20:53:09 Europe/Berlin] Session initialisée avec succès
[16-May-2025 20:53:09 Europe/Berlin] Connexion réussie, tentative de redirection
[16-May-2025 20:54:33 Europe/Berlin] Connexion à la base de données réussie
[16-May-2025 20:54:33 Europe/Berlin] Réception d'une requête POST
[16-May-2025 20:54:33 Europe/Berlin] Données reçues - Username: admin
[16-May-2025 20:54:33 Europe/Berlin] Tentative de vérification de connexion
[16-May-2025 20:54:33 Europe/Berlin] Début de la vérification de connexion pour l'utilisateur: admin
[16-May-2025 20:54:33 Europe/Berlin] Utilisateur trouvé dans la base de données
[16-May-2025 20:54:33 Europe/Berlin] Hash stocké: $2y$10$h8zWxAkFqQjKGQQYZmv4Ie/vIyBa3Uv/5B9McT1Pmwzq8VMgpG/42
[16-May-2025 20:54:33 Europe/Berlin] Mot de passe vérifié avec succès
[16-May-2025 20:54:33 Europe/Berlin] Session initialisée avec succès
[16-May-2025 20:54:33 Europe/Berlin] Connexion réussie, tentative de redirection
[16-May-2025 20:55:51 Europe/Berlin] Connexion à la base de données réussie
[16-May-2025 20:55:53 Europe/Berlin] Connexion à la base de données réussie
[16-May-2025 20:56:02 Europe/Berlin] Connexion à la base de données réussie
[16-May-2025 20:56:02 Europe/Berlin] Réception d'une requête POST
[16-May-2025 20:56:02 Europe/Berlin] Données reçues - Username: admin
[16-May-2025 20:56:02 Europe/Berlin] Tentative de vérification de connexion
[16-May-2025 20:56:02 Europe/Berlin] Début de la vérification de connexion pour l'utilisateur: admin
[16-May-2025 20:56:02 Europe/Berlin] Utilisateur trouvé dans la base de données
[16-May-2025 20:56:02 Europe/Berlin] Hash stocké: $2y$10$h8zWxAkFqQjKGQQYZmv4Ie/vIyBa3Uv/5B9McT1Pmwzq8VMgpG/42
[16-May-2025 20:56:02 Europe/Berlin] Mot de passe vérifié avec succès
[16-May-2025 20:56:02 Europe/Berlin] Session initialisée avec succès
[16-May-2025 20:56:02 Europe/Berlin] Connexion réussie, tentative de redirection
[16-May-2025 20:56:03 Europe/Berlin] Connexion à la base de données réussie
[16-May-2025 20:56:23 Europe/Berlin] Connexion à la base de données réussie
[16-May-2025 20:56:25 Europe/Berlin] Connexion à la base de données réussie
[16-May-2025 20:56:25 Europe/Berlin] Réception d'une requête POST
[16-May-2025 20:56:25 Europe/Berlin] Données reçues - Username: admin
[16-May-2025 20:56:25 Europe/Berlin] Tentative de vérification de connexion
[16-May-2025 20:56:25 Europe/Berlin] Début de la vérification de connexion pour l'utilisateur: admin
[16-May-2025 20:56:25 Europe/Berlin] Utilisateur trouvé dans la base de données
[16-May-2025 20:56:25 Europe/Berlin] Hash stocké: $2y$10$h8zWxAkFqQjKGQQYZmv4Ie/vIyBa3Uv/5B9McT1Pmwzq8VMgpG/42
[16-May-2025 20:56:25 Europe/Berlin] Mot de passe vérifié avec succès
[16-May-2025 20:56:25 Europe/Berlin] Session initialisée avec succès
[16-May-2025 20:56:25 Europe/Berlin] Connexion réussie, tentative de redirection
[16-May-2025 20:56:25 Europe/Berlin] Connexion à la base de données réussie
[16-May-2025 20:56:39 Europe/Berlin] Connexion à la base de données réussie
[16-May-2025 20:56:39 Europe/Berlin] Réception d'une requête POST
[16-May-2025 20:56:39 Europe/Berlin] Données reçues - Username: admin
[16-May-2025 20:56:39 Europe/Berlin] Tentative de vérification de connexion
[16-May-2025 20:56:39 Europe/Berlin] Début de la vérification de connexion pour l'utilisateur: admin
[16-May-2025 20:56:39 Europe/Berlin] Utilisateur trouvé dans la base de données
[16-May-2025 20:56:39 Europe/Berlin] Hash stocké: $2y$10$h8zWxAkFqQjKGQQYZmv4Ie/vIyBa3Uv/5B9McT1Pmwzq8VMgpG/42
[16-May-2025 20:56:39 Europe/Berlin] Mot de passe vérifié avec succès
[16-May-2025 20:56:39 Europe/Berlin] Session initialisée avec succès
[16-May-2025 20:56:39 Europe/Berlin] Connexion réussie, tentative de redirection
[16-May-2025 20:56:39 Europe/Berlin] Connexion à la base de données réussie
[16-May-2025 20:58:50 Europe/Berlin] Connexion à la base de données réussie
[16-May-2025 20:58:50 Europe/Berlin] Réception d'une requête POST
[16-May-2025 20:58:50 Europe/Berlin] Données reçues - Username: admin
[16-May-2025 20:58:50 Europe/Berlin] Tentative de vérification de connexion
[16-May-2025 20:58:50 Europe/Berlin] Début de la vérification de connexion pour l'utilisateur: admin
[16-May-2025 20:58:50 Europe/Berlin] Utilisateur trouvé dans la base de données
[16-May-2025 20:58:50 Europe/Berlin] Hash stocké: $2y$10$hRsYdQqIOKNMMBYwZZn31u4dtv6IpHdRujhsU1YwY4gc5c9VC9JpS
[16-May-2025 20:58:50 Europe/Berlin] Mot de passe vérifié avec succès
[16-May-2025 20:58:50 Europe/Berlin] Session initialisée avec succès
[16-May-2025 20:58:50 Europe/Berlin] Connexion réussie, tentative de redirection
[16-May-2025 20:58:50 Europe/Berlin] Connexion à la base de données réussie
[16-May-2025 20:59:01 Europe/Berlin] Connexion à la base de données réussie
[16-May-2025 20:59:01 Europe/Berlin] Réception d'une requête POST
[16-May-2025 20:59:01 Europe/Berlin] Données reçues - Username: admin
[16-May-2025 20:59:01 Europe/Berlin] Tentative de vérification de connexion
[16-May-2025 20:59:01 Europe/Berlin] Début de la vérification de connexion pour l'utilisateur: admin
[16-May-2025 20:59:01 Europe/Berlin] Utilisateur trouvé dans la base de données
[16-May-2025 20:59:01 Europe/Berlin] Hash stocké: $2y$10$hRsYdQqIOKNMMBYwZZn31u4dtv6IpHdRujhsU1YwY4gc5c9VC9JpS
[16-May-2025 20:59:01 Europe/Berlin] Mot de passe vérifié avec succès
[16-May-2025 20:59:01 Europe/Berlin] Session initialisée avec succès
[16-May-2025 20:59:01 Europe/Berlin] Connexion réussie, tentative de redirection
[16-May-2025 20:59:01 Europe/Berlin] Connexion à la base de données réussie
[16-May-2025 20:59:46 Europe/Berlin] Connexion à la base de données réussie
[16-May-2025 20:59:47 Europe/Berlin] Connexion à la base de données réussie
[16-May-2025 20:59:49 Europe/Berlin] Connexion à la base de données réussie
[16-May-2025 20:59:49 Europe/Berlin] Réception d'une requête POST
[16-May-2025 20:59:49 Europe/Berlin] Données reçues - Username: admin
[16-May-2025 20:59:49 Europe/Berlin] Tentative de vérification de connexion
[16-May-2025 20:59:49 Europe/Berlin] Début de la vérification de connexion pour l'utilisateur: admin
[16-May-2025 20:59:49 Europe/Berlin] Utilisateur trouvé dans la base de données
[16-May-2025 20:59:49 Europe/Berlin] Hash stocké: $2y$10$hRsYdQqIOKNMMBYwZZn31u4dtv6IpHdRujhsU1YwY4gc5c9VC9JpS
[16-May-2025 20:59:49 Europe/Berlin] Mot de passe vérifié avec succès
[16-May-2025 20:59:49 Europe/Berlin] Session initialisée avec succès
[16-May-2025 20:59:49 Europe/Berlin] Connexion réussie, tentative de redirection
[16-May-2025 20:59:49 Europe/Berlin] Connexion à la base de données réussie
[16-May-2025 21:00:02 Europe/Berlin] Connexion à la base de données réussie
[16-May-2025 21:00:04 Europe/Berlin] Connexion à la base de données réussie
[16-May-2025 21:00:04 Europe/Berlin] Réception d'une requête POST
[16-May-2025 21:00:04 Europe/Berlin] Données reçues - Username: admin
[16-May-2025 21:00:04 Europe/Berlin] Tentative de vérification de connexion
[16-May-2025 21:00:04 Europe/Berlin] Début de la vérification de connexion pour l'utilisateur: admin
[16-May-2025 21:00:04 Europe/Berlin] Utilisateur trouvé dans la base de données
[16-May-2025 21:00:04 Europe/Berlin] Hash stocké: $2y$10$hRsYdQqIOKNMMBYwZZn31u4dtv6IpHdRujhsU1YwY4gc5c9VC9JpS
[16-May-2025 21:00:05 Europe/Berlin] Mot de passe vérifié avec succès
[16-May-2025 21:00:05 Europe/Berlin] Session initialisée avec succès
[16-May-2025 21:00:05 Europe/Berlin] Connexion réussie, tentative de redirection
[16-May-2025 21:00:05 Europe/Berlin] Connexion à la base de données réussie
[16-May-2025 21:00:06 Europe/Berlin] Connexion à la base de données réussie
[16-May-2025 21:00:06 Europe/Berlin] Réception d'une requête POST
[16-May-2025 21:00:06 Europe/Berlin] Données reçues - Username: admin
[16-May-2025 21:00:06 Europe/Berlin] Tentative de vérification de connexion
[16-May-2025 21:00:06 Europe/Berlin] Début de la vérification de connexion pour l'utilisateur: admin
[16-May-2025 21:00:06 Europe/Berlin] Utilisateur trouvé dans la base de données
[16-May-2025 21:00:06 Europe/Berlin] Hash stocké: $2y$10$hRsYdQqIOKNMMBYwZZn31u4dtv6IpHdRujhsU1YwY4gc5c9VC9JpS
[16-May-2025 21:00:06 Europe/Berlin] Mot de passe vérifié avec succès
[16-May-2025 21:00:06 Europe/Berlin] Session initialisée avec succès
[16-May-2025 21:00:06 Europe/Berlin] Connexion réussie, tentative de redirection
[16-May-2025 21:00:06 Europe/Berlin] Connexion à la base de données réussie
[16-May-2025 21:00:06 Europe/Berlin] Réception d'une requête POST
[16-May-2025 21:00:06 Europe/Berlin] Données reçues - Username: admin
[16-May-2025 21:00:06 Europe/Berlin] Tentative de vérification de connexion
[16-May-2025 21:00:06 Europe/Berlin] Début de la vérification de connexion pour l'utilisateur: admin
[16-May-2025 21:00:06 Europe/Berlin] Utilisateur trouvé dans la base de données
[16-May-2025 21:00:06 Europe/Berlin] Hash stocké: $2y$10$hRsYdQqIOKNMMBYwZZn31u4dtv6IpHdRujhsU1YwY4gc5c9VC9JpS
[16-May-2025 21:00:06 Europe/Berlin] Mot de passe vérifié avec succès
[16-May-2025 21:00:06 Europe/Berlin] Session initialisée avec succès
[16-May-2025 21:00:06 Europe/Berlin] Connexion réussie, tentative de redirection
[16-May-2025 21:00:06 Europe/Berlin] Connexion à la base de données réussie
[16-May-2025 21:00:14 Europe/Berlin] Connexion à la base de données réussie
[16-May-2025 21:00:14 Europe/Berlin] Réception d'une requête POST
[16-May-2025 21:00:14 Europe/Berlin] Données reçues - Username: admin
[16-May-2025 21:00:14 Europe/Berlin] Tentative de vérification de connexion
[16-May-2025 21:00:14 Europe/Berlin] Début de la vérification de connexion pour l'utilisateur: admin
[16-May-2025 21:00:14 Europe/Berlin] Utilisateur trouvé dans la base de données
[16-May-2025 21:00:14 Europe/Berlin] Hash stocké: $2y$10$hRsYdQqIOKNMMBYwZZn31u4dtv6IpHdRujhsU1YwY4gc5c9VC9JpS
[16-May-2025 21:00:14 Europe/Berlin] Mot de passe vérifié avec succès
[16-May-2025 21:00:14 Europe/Berlin] Session initialisée avec succès
[16-May-2025 21:00:14 Europe/Berlin] Connexion réussie, tentative de redirection
[16-May-2025 21:00:14 Europe/Berlin] Connexion à la base de données réussie
[16-May-2025 21:01:40 Europe/Berlin] Connexion à la base de données réussie
[16-May-2025 21:01:48 Europe/Berlin] Connexion à la base de données réussie
[16-May-2025 21:01:48 Europe/Berlin] Réception d'une requête POST
[16-May-2025 21:01:48 Europe/Berlin] Données reçues - Username: admin
[16-May-2025 21:01:48 Europe/Berlin] Tentative de vérification de connexion
[16-May-2025 21:01:48 Europe/Berlin] Début de la vérification de connexion pour l'utilisateur: admin
[16-May-2025 21:01:48 Europe/Berlin] Utilisateur trouvé dans la base de données
[16-May-2025 21:01:48 Europe/Berlin] Hash stocké: $2y$10$hRsYdQqIOKNMMBYwZZn31u4dtv6IpHdRujhsU1YwY4gc5c9VC9JpS
[16-May-2025 21:01:48 Europe/Berlin] Mot de passe vérifié avec succès
[16-May-2025 21:01:48 Europe/Berlin] Session initialisée avec succès
[16-May-2025 21:01:48 Europe/Berlin] Connexion réussie, tentative de redirection
[16-May-2025 21:22:03 Europe/Berlin] Connexion à la base de données réussie
[16-May-2025 21:22:41 Europe/Berlin] Connexion à la base de données réussie
[16-May-2025 21:30:29 Europe/Berlin] Connexion à la base de données réussie
[16-May-2025 21:30:31 Europe/Berlin] Connexion à la base de données réussie
[16-May-2025 21:30:34 Europe/Berlin] Connexion à la base de données réussie
[16-May-2025 21:40:36 Europe/Berlin] Connexion à la base de données réussie
[16-May-2025 21:40:50 Europe/Berlin] Connexion à la base de données réussie
[16-May-2025 21:40:50 Europe/Berlin] Réception d'une requête POST
[16-May-2025 21:40:50 Europe/Berlin] Données reçues - Username: admin
[16-May-2025 21:40:50 Europe/Berlin] Tentative de vérification de connexion
[16-May-2025 21:40:50 Europe/Berlin] Début de la vérification de connexion pour l'utilisateur: admin
[16-May-2025 21:40:50 Europe/Berlin] Utilisateur trouvé dans la base de données
[16-May-2025 21:40:50 Europe/Berlin] Hash stocké: $2y$10$hRsYdQqIOKNMMBYwZZn31u4dtv6IpHdRujhsU1YwY4gc5c9VC9JpS
[16-May-2025 21:40:50 Europe/Berlin] Mot de passe vérifié avec succès
[16-May-2025 21:40:50 Europe/Berlin] Session initialisée avec succès
[16-May-2025 21:40:50 Europe/Berlin] Connexion réussie, tentative de redirection
[16-May-2025 21:40:50 Europe/Berlin] Connexion à la base de données réussie
[16-May-2025 21:40:57 Europe/Berlin] Connexion à la base de données réussie
[16-May-2025 21:41:01 Europe/Berlin] Connexion à la base de données réussie
[16-May-2025 21:41:01 Europe/Berlin] Réception d'une requête POST
[16-May-2025 21:41:01 Europe/Berlin] Données reçues - Username: admin
[16-May-2025 21:41:01 Europe/Berlin] Tentative de vérification de connexion
[16-May-2025 21:41:01 Europe/Berlin] Début de la vérification de connexion pour l'utilisateur: admin
[16-May-2025 21:41:01 Europe/Berlin] Utilisateur trouvé dans la base de données
[16-May-2025 21:41:01 Europe/Berlin] Hash stocké: $2y$10$hRsYdQqIOKNMMBYwZZn31u4dtv6IpHdRujhsU1YwY4gc5c9VC9JpS
[16-May-2025 21:41:01 Europe/Berlin] Mot de passe vérifié avec succès
[16-May-2025 21:41:01 Europe/Berlin] Session initialisée avec succès
[16-May-2025 21:41:01 Europe/Berlin] Connexion réussie, tentative de redirection
[16-May-2025 21:41:01 Europe/Berlin] Connexion à la base de données réussie
[16-May-2025 21:46:31 Europe/Berlin] Connexion à la base de données réussie
[16-May-2025 21:46:32 Europe/Berlin] Connexion à la base de données réussie
[16-May-2025 21:46:33 Europe/Berlin] Connexion à la base de données réussie
[16-May-2025 21:46:33 Europe/Berlin] Connexion à la base de données réussie
[16-May-2025 21:46:34 Europe/Berlin] Connexion à la base de données réussie
[16-May-2025 21:46:34 Europe/Berlin] Connexion à la base de données réussie
[16-May-2025 21:46:34 Europe/Berlin] Connexion à la base de données réussie
[16-May-2025 21:46:34 Europe/Berlin] Connexion à la base de données réussie
[16-May-2025 21:46:35 Europe/Berlin] Connexion à la base de données réussie
[16-May-2025 21:46:35 Europe/Berlin] Connexion à la base de données réussie
[16-May-2025 21:46:35 Europe/Berlin] Connexion à la base de données réussie
[16-May-2025 21:46:43 Europe/Berlin] Connexion à la base de données réussie
[16-May-2025 21:57:56 Europe/Berlin] Connexion à la base de données réussie
[16-May-2025 21:58:06 Europe/Berlin] Connexion à la base de données réussie
[16-May-2025 21:58:18 Europe/Berlin] Connexion à la base de données réussie
[16-May-2025 21:58:18 Europe/Berlin] Réception d'une requête POST
[16-May-2025 21:58:18 Europe/Berlin] Données reçues - Username: admin
[16-May-2025 21:58:18 Europe/Berlin] Tentative de vérification de connexion
[16-May-2025 21:58:18 Europe/Berlin] Début de la vérification de connexion pour l'utilisateur: admin
[16-May-2025 21:58:18 Europe/Berlin] Utilisateur trouvé dans la base de données
[16-May-2025 21:58:18 Europe/Berlin] Hash stocké: $2y$10$hRsYdQqIOKNMMBYwZZn31u4dtv6IpHdRujhsU1YwY4gc5c9VC9JpS
[16-May-2025 21:58:18 Europe/Berlin] Mot de passe vérifié avec succès
[16-May-2025 21:58:18 Europe/Berlin] Session initialisée avec succès
[16-May-2025 21:58:18 Europe/Berlin] Connexion réussie, tentative de redirection
[16-May-2025 21:58:18 Europe/Berlin] Connexion à la base de données réussie
[16-May-2025 21:59:31 Europe/Berlin] Connexion à la base de données réussie
[16-May-2025 21:59:34 Europe/Berlin] Connexion à la base de données réussie
[16-May-2025 21:59:37 Europe/Berlin] Connexion à la base de données réussie
[16-May-2025 21:59:37 Europe/Berlin] Réception d'une requête POST
[16-May-2025 21:59:37 Europe/Berlin] Données reçues - Username: admin
[16-May-2025 21:59:37 Europe/Berlin] Tentative de vérification de connexion
[16-May-2025 21:59:37 Europe/Berlin] Début de la vérification de connexion pour l'utilisateur: admin
[16-May-2025 21:59:37 Europe/Berlin] Utilisateur trouvé dans la base de données
[16-May-2025 21:59:37 Europe/Berlin] Hash stocké: $2y$10$hRsYdQqIOKNMMBYwZZn31u4dtv6IpHdRujhsU1YwY4gc5c9VC9JpS
[16-May-2025 21:59:37 Europe/Berlin] Mot de passe vérifié avec succès
[16-May-2025 21:59:37 Europe/Berlin] Session initialisée avec succès
[16-May-2025 21:59:37 Europe/Berlin] Connexion réussie, tentative de redirection
[16-May-2025 21:59:37 Europe/Berlin] Connexion à la base de données réussie
[16-May-2025 21:59:38 Europe/Berlin] Connexion à la base de données réussie
[16-May-2025 21:59:38 Europe/Berlin] Réception d'une requête POST
[16-May-2025 21:59:38 Europe/Berlin] Données reçues - Username: admin
[16-May-2025 21:59:38 Europe/Berlin] Tentative de vérification de connexion
[16-May-2025 21:59:38 Europe/Berlin] Début de la vérification de connexion pour l'utilisateur: admin
[16-May-2025 21:59:38 Europe/Berlin] Utilisateur trouvé dans la base de données
[16-May-2025 21:59:38 Europe/Berlin] Hash stocké: $2y$10$hRsYdQqIOKNMMBYwZZn31u4dtv6IpHdRujhsU1YwY4gc5c9VC9JpS
[16-May-2025 21:59:38 Europe/Berlin] Mot de passe vérifié avec succès
[16-May-2025 21:59:38 Europe/Berlin] Session initialisée avec succès
[16-May-2025 21:59:38 Europe/Berlin] Connexion réussie, tentative de redirection
[16-May-2025 21:59:38 Europe/Berlin] Connexion à la base de données réussie
[16-May-2025 22:00:15 Europe/Berlin] Connexion à la base de données réussie
[16-May-2025 22:00:23 Europe/Berlin] Connexion à la base de données réussie
[16-May-2025 22:00:23 Europe/Berlin] Réception d'une requête POST
[16-May-2025 22:00:23 Europe/Berlin] Données reçues - Username: admin
[16-May-2025 22:00:23 Europe/Berlin] Tentative de vérification de connexion
[16-May-2025 22:00:23 Europe/Berlin] Début de la vérification de connexion pour l'utilisateur: admin
[16-May-2025 22:00:23 Europe/Berlin] Utilisateur trouvé dans la base de données
[16-May-2025 22:00:23 Europe/Berlin] Hash stocké: $2y$10$hRsYdQqIOKNMMBYwZZn31u4dtv6IpHdRujhsU1YwY4gc5c9VC9JpS
[16-May-2025 22:00:23 Europe/Berlin] Mot de passe vérifié avec succès
[16-May-2025 22:00:23 Europe/Berlin] Session initialisée avec succès
[16-May-2025 22:00:23 Europe/Berlin] Connexion réussie, tentative de redirection
[16-May-2025 22:00:23 Europe/Berlin] Connexion à la base de données réussie
[16-May-2025 22:02:02 Europe/Berlin] Connexion à la base de données réussie
[16-May-2025 22:02:02 Europe/Berlin] Réception d'une requête POST
[16-May-2025 22:02:02 Europe/Berlin] Données reçues - Username: admin
[16-May-2025 22:02:02 Europe/Berlin] Tentative de vérification de connexion
[16-May-2025 22:02:02 Europe/Berlin] Début de la vérification de connexion pour l'utilisateur: admin
[16-May-2025 22:02:02 Europe/Berlin] Utilisateur trouvé dans la base de données
[16-May-2025 22:02:02 Europe/Berlin] Hash stocké: $2y$10$hBVXAHBCZfNJnemRah0rReF8MXFkT84nSmuoHiMsMNnHrGWqZnqTu
[16-May-2025 22:02:02 Europe/Berlin] Mot de passe vérifié avec succès
[16-May-2025 22:02:02 Europe/Berlin] Session initialisée avec succès
[16-May-2025 22:02:02 Europe/Berlin] Connexion réussie, tentative de redirection
[16-May-2025 22:02:02 Europe/Berlin] Connexion à la base de données réussie
[16-May-2025 22:02:08 Europe/Berlin] Connexion à la base de données réussie
[16-May-2025 22:02:08 Europe/Berlin] Réception d'une requête POST
[16-May-2025 22:02:08 Europe/Berlin] Données reçues - Username: admin
[16-May-2025 22:02:08 Europe/Berlin] Tentative de vérification de connexion
[16-May-2025 22:02:08 Europe/Berlin] Début de la vérification de connexion pour l'utilisateur: admin
[16-May-2025 22:02:08 Europe/Berlin] Utilisateur trouvé dans la base de données
[16-May-2025 22:02:08 Europe/Berlin] Hash stocké: $2y$10$hBVXAHBCZfNJnemRah0rReF8MXFkT84nSmuoHiMsMNnHrGWqZnqTu
[16-May-2025 22:02:08 Europe/Berlin] Échec de la vérification du mot de passe
[16-May-2025 22:02:08 Europe/Berlin] Échec de la connexion
[16-May-2025 22:02:17 Europe/Berlin] Connexion à la base de données réussie
[16-May-2025 22:02:17 Europe/Berlin] Réception d'une requête POST
[16-May-2025 22:02:17 Europe/Berlin] Données reçues - Username: admin
[16-May-2025 22:02:17 Europe/Berlin] Tentative de vérification de connexion
[16-May-2025 22:02:17 Europe/Berlin] Début de la vérification de connexion pour l'utilisateur: admin
[16-May-2025 22:02:17 Europe/Berlin] Utilisateur trouvé dans la base de données
[16-May-2025 22:02:17 Europe/Berlin] Hash stocké: $2y$10$hBVXAHBCZfNJnemRah0rReF8MXFkT84nSmuoHiMsMNnHrGWqZnqTu
[16-May-2025 22:02:17 Europe/Berlin] Mot de passe vérifié avec succès
[16-May-2025 22:02:17 Europe/Berlin] Session initialisée avec succès
[16-May-2025 22:02:17 Europe/Berlin] Connexion réussie, tentative de redirection
[16-May-2025 22:02:17 Europe/Berlin] Connexion à la base de données réussie
[16-May-2025 22:17:37 Europe/Berlin] Connexion à la base de données réussie
[16-May-2025 22:17:42 Europe/Berlin] Connexion à la base de données réussie
[16-May-2025 22:19:29 Europe/Berlin] Connexion à la base de données réussie
[16-May-2025 22:20:26 Europe/Berlin] Connexion à la base de données réussie
[16-May-2025 22:20:35 Europe/Berlin] Connexion à la base de données réussie
[16-May-2025 22:20:35 Europe/Berlin] Réception d'une requête POST
[16-May-2025 22:20:35 Europe/Berlin] Données reçues - Username: admin
[16-May-2025 22:20:35 Europe/Berlin] Tentative de vérification de connexion
[16-May-2025 22:20:35 Europe/Berlin] Début de la vérification de connexion pour l'utilisateur: admin
[16-May-2025 22:20:35 Europe/Berlin] Utilisateur trouvé dans la base de données
[16-May-2025 22:20:35 Europe/Berlin] Hash stocké: $2y$10$TxMU2UuYVy/D.SkDO7Vo3OwcKtQifoIluA7iv9t1EnSKyd4wS9gWe
[16-May-2025 22:20:35 Europe/Berlin] Mot de passe vérifié avec succès
[16-May-2025 22:20:35 Europe/Berlin] Session initialisée avec succès
[16-May-2025 22:20:35 Europe/Berlin] Connexion réussie, tentative de redirection
[16-May-2025 22:41:07 Europe/Berlin] Connexion à la base de données réussie
[16-May-2025 22:41:10 Europe/Berlin] Connexion à la base de données réussie
[16-May-2025 22:41:10 Europe/Berlin] Réception d'une requête POST
[16-May-2025 22:41:10 Europe/Berlin] Données reçues - Username: admin
[16-May-2025 22:41:10 Europe/Berlin] Tentative de vérification de connexion
[16-May-2025 22:41:10 Europe/Berlin] Début de la vérification de connexion pour l'utilisateur: admin
[16-May-2025 22:41:10 Europe/Berlin] Utilisateur trouvé dans la base de données
[16-May-2025 22:41:10 Europe/Berlin] Hash stocké: $2y$10$TxMU2UuYVy/D.SkDO7Vo3OwcKtQifoIluA7iv9t1EnSKyd4wS9gWe
[16-May-2025 22:41:10 Europe/Berlin] Mot de passe vérifié avec succès
[16-May-2025 22:41:10 Europe/Berlin] Session initialisée avec succès
[16-May-2025 22:41:10 Europe/Berlin] Connexion réussie, tentative de redirection
[18-May-2025 01:32:13 Europe/Berlin] Connexion à la base de données réussie
[18-May-2025 01:32:28 Europe/Berlin] Connexion à la base de données réussie
[18-May-2025 01:32:28 Europe/Berlin] Réception d'une requête POST
[18-May-2025 01:32:28 Europe/Berlin] Données reçues - Username: admin
[18-May-2025 01:32:28 Europe/Berlin] Tentative de vérification de connexion
[18-May-2025 01:32:28 Europe/Berlin] Début de la vérification de connexion pour l'utilisateur: admin
[18-May-2025 01:32:28 Europe/Berlin] Utilisateur trouvé dans la base de données
[18-May-2025 01:32:28 Europe/Berlin] Hash stocké: $2y$10$TxMU2UuYVy/D.SkDO7Vo3OwcKtQifoIluA7iv9t1EnSKyd4wS9gWe
[18-May-2025 01:32:28 Europe/Berlin] Mot de passe vérifié avec succès
[18-May-2025 01:32:28 Europe/Berlin] Session initialisée avec succès
[18-May-2025 01:32:28 Europe/Berlin] Connexion réussie, tentative de redirection
[18-May-2025 12:18:20 Europe/Berlin] Connexion à la base de données réussie
[18-May-2025 12:18:22 Europe/Berlin] Connexion à la base de données réussie
[18-May-2025 12:18:22 Europe/Berlin] Réception d'une requête POST
[18-May-2025 12:18:22 Europe/Berlin] Données reçues - Username: admin
[18-May-2025 12:18:22 Europe/Berlin] Tentative de vérification de connexion
[18-May-2025 12:18:22 Europe/Berlin] Début de la vérification de connexion pour l'utilisateur: admin
[18-May-2025 12:18:22 Europe/Berlin] Utilisateur trouvé dans la base de données
[18-May-2025 12:18:22 Europe/Berlin] Hash stocké: $2y$10$3GX3lYs0f/iSttZhUNYf1.3026KnlSv18x2TNkj2N2thSxjcHnwjG
[18-May-2025 12:18:22 Europe/Berlin] Mot de passe vérifié avec succès
[18-May-2025 12:18:22 Europe/Berlin] Session initialisée avec succès
[18-May-2025 12:18:22 Europe/Berlin] Connexion réussie, tentative de redirection
[18-May-2025 12:43:09 Europe/Berlin] Connexion à la base de données réussie
[18-May-2025 12:43:54 Europe/Berlin] Connexion à la base de données réussie
[18-May-2025 12:43:54 Europe/Berlin] Réception d'une requête POST
[18-May-2025 12:43:54 Europe/Berlin] Données reçues - Username: admin
[18-May-2025 12:43:54 Europe/Berlin] Tentative de vérification de connexion
[18-May-2025 12:43:54 Europe/Berlin] Début de la vérification de connexion pour l'utilisateur: admin
[18-May-2025 12:43:54 Europe/Berlin] Utilisateur trouvé dans la base de données
[18-May-2025 12:43:54 Europe/Berlin] Hash stocké: $2y$10$3GX3lYs0f/iSttZhUNYf1.3026KnlSv18x2TNkj2N2thSxjcHnwjG
[18-May-2025 12:43:54 Europe/Berlin] Mot de passe vérifié avec succès
[18-May-2025 12:43:54 Europe/Berlin] Session initialisée avec succès
[18-May-2025 12:43:54 Europe/Berlin] Connexion réussie, tentative de redirection
[18-May-2025 13:37:43 Europe/Berlin] Connexion à la base de données réussie
[18-May-2025 13:37:45 Europe/Berlin] Connexion à la base de données réussie
[18-May-2025 13:37:45 Europe/Berlin] Réception d'une requête POST
[18-May-2025 13:37:45 Europe/Berlin] Données reçues - Username: admin
[18-May-2025 13:37:45 Europe/Berlin] Tentative de vérification de connexion
[18-May-2025 13:37:45 Europe/Berlin] Début de la vérification de connexion pour l'utilisateur: admin
[18-May-2025 13:37:45 Europe/Berlin] Utilisateur trouvé dans la base de données
[18-May-2025 13:37:45 Europe/Berlin] Hash stocké: $2y$10$3GX3lYs0f/iSttZhUNYf1.3026KnlSv18x2TNkj2N2thSxjcHnwjG
[18-May-2025 13:37:45 Europe/Berlin] Mot de passe vérifié avec succès
[18-May-2025 13:37:45 Europe/Berlin] Session initialisée avec succès
[18-May-2025 13:37:45 Europe/Berlin] Connexion réussie, tentative de redirection
[18-May-2025 14:32:53 Europe/Berlin] Connexion à la base de données réussie
[18-May-2025 14:33:57 Europe/Berlin] Connexion à la base de données réussie
[18-May-2025 14:33:57 Europe/Berlin] Réception d'une requête POST
[18-May-2025 14:33:57 Europe/Berlin] Données reçues - Username: affiba.j
[18-May-2025 14:33:57 Europe/Berlin] Tentative de vérification de connexion
[18-May-2025 14:33:57 Europe/Berlin] Début de la vérification de connexion pour l'utilisateur: affiba.j
[18-May-2025 14:33:57 Europe/Berlin] Utilisateur trouvé dans la base de données
[18-May-2025 14:33:57 Europe/Berlin] Hash stocké: $2y$10$/pcVO9IDZKTneb4JmSU6jeOhhMIXOnOicZL0oPIaNq3YMJeLYgIKe
[18-May-2025 14:33:57 Europe/Berlin] Mot de passe vérifié avec succès
[18-May-2025 14:33:57 Europe/Berlin] Session initialisée avec succès
[18-May-2025 14:33:57 Europe/Berlin] Connexion réussie, tentative de redirection
[18-May-2025 16:01:55 Europe/Berlin] Connexion à la base de données réussie
[18-May-2025 16:01:56 Europe/Berlin] Connexion à la base de données réussie
[18-May-2025 16:01:56 Europe/Berlin] Réception d'une requête POST
[18-May-2025 16:01:56 Europe/Berlin] Données reçues - Username: admin
[18-May-2025 16:01:56 Europe/Berlin] Tentative de vérification de connexion
[18-May-2025 16:01:56 Europe/Berlin] Début de la vérification de connexion pour l'utilisateur: admin
[18-May-2025 16:01:56 Europe/Berlin] Utilisateur trouvé dans la base de données
[18-May-2025 16:01:56 Europe/Berlin] Hash stocké: $2y$10$3GX3lYs0f/iSttZhUNYf1.3026KnlSv18x2TNkj2N2thSxjcHnwjG
[18-May-2025 16:01:57 Europe/Berlin] Mot de passe vérifié avec succès
[18-May-2025 16:01:57 Europe/Berlin] Session initialisée avec succès
[18-May-2025 16:01:57 Europe/Berlin] Connexion réussie, tentative de redirection
[18-May-2025 17:14:55 Europe/Berlin] Connexion à la base de données réussie
[18-May-2025 17:15:12 Europe/Berlin] Connexion à la base de données réussie
[18-May-2025 17:15:12 Europe/Berlin] Réception d'une requête POST
[18-May-2025 17:15:12 Europe/Berlin] Données reçues - Username: admin
[18-May-2025 17:15:12 Europe/Berlin] Tentative de vérification de connexion
[18-May-2025 17:15:12 Europe/Berlin] Début de la vérification de connexion pour l'utilisateur: admin
[18-May-2025 17:15:12 Europe/Berlin] Utilisateur trouvé dans la base de données
[18-May-2025 17:15:12 Europe/Berlin] Hash stocké: $2y$10$3GX3lYs0f/iSttZhUNYf1.3026KnlSv18x2TNkj2N2thSxjcHnwjG
[18-May-2025 17:15:12 Europe/Berlin] Mot de passe vérifié avec succès
[18-May-2025 17:15:12 Europe/Berlin] Session initialisée avec succès
[18-May-2025 17:15:12 Europe/Berlin] Connexion réussie, tentative de redirection
[18-May-2025 17:20:24 Europe/Berlin] Connexion à la base de données réussie
[18-May-2025 17:24:23 Europe/Berlin] Connexion à la base de données réussie
[18-May-2025 17:25:18 Europe/Berlin] Connexion à la base de données réussie
[18-May-2025 17:25:20 Europe/Berlin] Connexion à la base de données réussie
[18-May-2025 17:25:20 Europe/Berlin] Réception d'une requête POST
[18-May-2025 17:25:20 Europe/Berlin] Données reçues - Username: admin
[18-May-2025 17:25:20 Europe/Berlin] Tentative de vérification de connexion
[18-May-2025 17:25:20 Europe/Berlin] Début de la vérification de connexion pour l'utilisateur: admin
[18-May-2025 17:25:20 Europe/Berlin] Utilisateur trouvé dans la base de données
[18-May-2025 17:25:20 Europe/Berlin] Hash stocké: $2y$10$3GX3lYs0f/iSttZhUNYf1.3026KnlSv18x2TNkj2N2thSxjcHnwjG
[18-May-2025 17:25:20 Europe/Berlin] Mot de passe vérifié avec succès
[18-May-2025 17:25:20 Europe/Berlin] Session initialisée avec succès
[18-May-2025 17:25:20 Europe/Berlin] Connexion réussie, tentative de redirection
[18-May-2025 17:26:44 Europe/Berlin] Connexion à la base de données réussie
[18-May-2025 17:26:45 Europe/Berlin] Connexion à la base de données réussie
[18-May-2025 17:26:45 Europe/Berlin] Réception d'une requête POST
[18-May-2025 17:26:45 Europe/Berlin] Données reçues - Username: admin
[18-May-2025 17:26:45 Europe/Berlin] Tentative de vérification de connexion
[18-May-2025 17:26:45 Europe/Berlin] Début de la vérification de connexion pour l'utilisateur: admin
[18-May-2025 17:26:45 Europe/Berlin] Utilisateur trouvé dans la base de données
[18-May-2025 17:26:45 Europe/Berlin] Hash stocké: $2y$10$3GX3lYs0f/iSttZhUNYf1.3026KnlSv18x2TNkj2N2thSxjcHnwjG
[18-May-2025 17:26:45 Europe/Berlin] Mot de passe vérifié avec succès
[18-May-2025 17:26:45 Europe/Berlin] Session initialisée avec succès
[18-May-2025 17:26:45 Europe/Berlin] Connexion réussie, tentative de redirection
[18-May-2025 17:46:45 Europe/Berlin] Connexion à la base de données réussie
[18-May-2025 17:48:25 Europe/Berlin] Connexion à la base de données réussie
[18-May-2025 17:50:14 Europe/Berlin] Connexion à la base de données réussie
[18-May-2025 17:50:15 Europe/Berlin] Connexion à la base de données réussie
[18-May-2025 17:56:47 Europe/Berlin] Connexion à la base de données réussie
[18-May-2025 17:56:47 Europe/Berlin] Réception d'une requête POST
[18-May-2025 17:56:47 Europe/Berlin] Données reçues - Username: admin
[18-May-2025 17:56:47 Europe/Berlin] Tentative de vérification de connexion
[18-May-2025 17:56:47 Europe/Berlin] Début de la vérification de connexion pour l'utilisateur: admin
[18-May-2025 17:56:47 Europe/Berlin] Utilisateur trouvé dans la base de données
[18-May-2025 17:56:47 Europe/Berlin] Hash stocké: $2y$10$3GX3lYs0f/iSttZhUNYf1.3026KnlSv18x2TNkj2N2thSxjcHnwjG
[18-May-2025 17:56:47 Europe/Berlin] Mot de passe vérifié avec succès
[18-May-2025 17:56:47 Europe/Berlin] Session initialisée avec succès
[18-May-2025 17:56:47 Europe/Berlin] Connexion réussie, tentative de redirection
[19-May-2025 12:47:37 Europe/Berlin] Connexion à la base de données réussie
[19-May-2025 12:47:42 Europe/Berlin] Connexion à la base de données réussie
[19-May-2025 12:47:42 Europe/Berlin] Réception d'une requête POST
[19-May-2025 12:47:42 Europe/Berlin] Données reçues - Username: admin
[19-May-2025 12:47:42 Europe/Berlin] Tentative de vérification de connexion
[19-May-2025 12:47:42 Europe/Berlin] Début de la vérification de connexion pour l'utilisateur: admin
[19-May-2025 12:47:42 Europe/Berlin] Utilisateur trouvé dans la base de données
[19-May-2025 12:47:42 Europe/Berlin] Hash stocké: $2y$10$3GX3lYs0f/iSttZhUNYf1.3026KnlSv18x2TNkj2N2thSxjcHnwjG
[19-May-2025 12:47:42 Europe/Berlin] Échec de la vérification du mot de passe
[19-May-2025 12:47:42 Europe/Berlin] Échec de la connexion
[19-May-2025 12:47:51 Europe/Berlin] Connexion à la base de données réussie
[19-May-2025 12:47:51 Europe/Berlin] Réception d'une requête POST
[19-May-2025 12:47:51 Europe/Berlin] Données reçues - Username: admin
[19-May-2025 12:47:51 Europe/Berlin] Tentative de vérification de connexion
[19-May-2025 12:47:51 Europe/Berlin] Début de la vérification de connexion pour l'utilisateur: admin
[19-May-2025 12:47:51 Europe/Berlin] Utilisateur trouvé dans la base de données
[19-May-2025 12:47:51 Europe/Berlin] Hash stocké: $2y$10$3GX3lYs0f/iSttZhUNYf1.3026KnlSv18x2TNkj2N2thSxjcHnwjG
[19-May-2025 12:47:51 Europe/Berlin] Mot de passe vérifié avec succès
[19-May-2025 12:47:51 Europe/Berlin] Session initialisée avec succès
[19-May-2025 12:47:51 Europe/Berlin] Connexion réussie, tentative de redirection
[19-May-2025 15:04:51 Europe/Berlin] Connexion à la base de données réussie
[19-May-2025 15:04:54 Europe/Berlin] Connexion à la base de données réussie
[19-May-2025 15:04:54 Europe/Berlin] Réception d'une requête POST
[19-May-2025 15:04:54 Europe/Berlin] Données reçues - Username: admin
[19-May-2025 15:04:54 Europe/Berlin] Tentative de vérification de connexion
[19-May-2025 15:04:54 Europe/Berlin] Début de la vérification de connexion pour l'utilisateur: admin
[19-May-2025 15:04:54 Europe/Berlin] Utilisateur trouvé dans la base de données
[19-May-2025 15:04:54 Europe/Berlin] Hash stocké: $2y$10$3GX3lYs0f/iSttZhUNYf1.3026KnlSv18x2TNkj2N2thSxjcHnwjG
[19-May-2025 15:04:54 Europe/Berlin] Mot de passe vérifié avec succès
[19-May-2025 15:04:54 Europe/Berlin] Session initialisée avec succès
[19-May-2025 15:04:54 Europe/Berlin] Connexion réussie, tentative de redirection
[20-May-2025 13:46:24 Europe/Berlin] Connexion à la base de données réussie
[21-May-2025 14:41:08 Europe/Berlin] Connexion à la base de données réussie
[21-May-2025 18:28:08 Europe/Berlin] Connexion à la base de données réussie
[21-May-2025 18:28:08 Europe/Berlin] Réception d'une requête POST
[21-May-2025 18:28:08 Europe/Berlin] Données reçues - Username: czx.hf@ec-ci.org
[21-May-2025 18:28:08 Europe/Berlin] Tentative de vérification de connexion
[21-May-2025 18:28:08 Europe/Berlin] Début de la vérification de connexion pour l'utilisateur: czx.hf@ec-ci.org
[21-May-2025 18:28:08 Europe/Berlin] Aucun utilisateur trouvé avec ce nom d'utilisateur
[21-May-2025 18:28:08 Europe/Berlin] Échec de la connexion
[21-May-2025 22:24:04 Europe/Berlin] Connexion à la base de données réussie
[21-May-2025 22:24:24 Europe/Berlin] Connexion à la base de données réussie
[21-May-2025 22:24:24 Europe/Berlin] Réception d'une requête POST
[21-May-2025 22:24:24 Europe/Berlin] Données reçues - Username: affiba.j
[21-May-2025 22:24:24 Europe/Berlin] Tentative de vérification de connexion
[21-May-2025 22:24:24 Europe/Berlin] Début de la vérification de connexion pour l'utilisateur: affiba.j
[21-May-2025 22:24:24 Europe/Berlin] Utilisateur trouvé dans la base de données
[21-May-2025 22:24:24 Europe/Berlin] Hash stocké: $2y$10$of2PP/qVDDaOjRi3C0yt0Ox09J.UYn6rxGmtYO/Q5IdQxRy/nnGbq
[21-May-2025 22:24:25 Europe/Berlin] Mot de passe vérifié avec succès
[21-May-2025 22:24:25 Europe/Berlin] Session initialisée avec succès
[21-May-2025 22:24:25 Europe/Berlin] Connexion réussie, tentative de redirection
[21-May-2025 22:59:16 Europe/Berlin] Connexion à la base de données réussie
[21-May-2025 22:59:49 Europe/Berlin] Connexion à la base de données réussie
[21-May-2025 22:59:49 Europe/Berlin] Réception d'une requête POST
[21-May-2025 22:59:49 Europe/Berlin] Données reçues - Username: ahizi.g
[21-May-2025 22:59:49 Europe/Berlin] Tentative de vérification de connexion
[21-May-2025 22:59:49 Europe/Berlin] Début de la vérification de connexion pour l'utilisateur: ahizi.g
[21-May-2025 22:59:49 Europe/Berlin] Utilisateur trouvé dans la base de données
[21-May-2025 22:59:49 Europe/Berlin] Hash stocké: $2y$10$PuadfXOHOgprFT/5E9Q6iOdceiJuNcXu6.06EgNFX/8hZH.38/yOi
[21-May-2025 22:59:49 Europe/Berlin] Mot de passe vérifié avec succès
[21-May-2025 22:59:49 Europe/Berlin] Session initialisée avec succès
[21-May-2025 22:59:49 Europe/Berlin] Connexion réussie, tentative de redirection
[21-May-2025 23:06:07 Europe/Berlin] Connexion à la base de données réussie
[21-May-2025 23:06:09 Europe/Berlin] Connexion à la base de données réussie
[21-May-2025 23:06:09 Europe/Berlin] Réception d'une requête POST
[21-May-2025 23:06:09 Europe/Berlin] Données reçues - Username: ahizi.g
[21-May-2025 23:06:09 Europe/Berlin] Tentative de vérification de connexion
[21-May-2025 23:06:09 Europe/Berlin] Début de la vérification de connexion pour l'utilisateur: ahizi.g
[21-May-2025 23:06:09 Europe/Berlin] Utilisateur trouvé dans la base de données
[21-May-2025 23:06:09 Europe/Berlin] Hash stocké: $2y$10$PuadfXOHOgprFT/5E9Q6iOdceiJuNcXu6.06EgNFX/8hZH.38/yOi
[21-May-2025 23:06:09 Europe/Berlin] Mot de passe vérifié avec succès
[21-May-2025 23:06:09 Europe/Berlin] Session initialisée avec succès
[21-May-2025 23:06:09 Europe/Berlin] Connexion réussie, tentative de redirection
[21-May-2025 23:06:11 Europe/Berlin] Connexion à la base de données réussie
[21-May-2025 23:06:16 Europe/Berlin] Connexion à la base de données réussie
[21-May-2025 23:06:16 Europe/Berlin] Réception d'une requête POST
[21-May-2025 23:06:16 Europe/Berlin] Données reçues - Username: affiba.j
[21-May-2025 23:06:16 Europe/Berlin] Tentative de vérification de connexion
[21-May-2025 23:06:16 Europe/Berlin] Début de la vérification de connexion pour l'utilisateur: affiba.j
[21-May-2025 23:06:16 Europe/Berlin] Utilisateur trouvé dans la base de données
[21-May-2025 23:06:16 Europe/Berlin] Hash stocké: $2y$10$of2PP/qVDDaOjRi3C0yt0Ox09J.UYn6rxGmtYO/Q5IdQxRy/nnGbq
[21-May-2025 23:06:16 Europe/Berlin] Mot de passe vérifié avec succès
[21-May-2025 23:06:16 Europe/Berlin] Session initialisée avec succès
[21-May-2025 23:06:16 Europe/Berlin] Connexion réussie, tentative de redirection
[22-May-2025 17:49:55 Europe/Berlin] Connexion à la base de données réussie
[22-May-2025 17:56:54 Europe/Berlin] Connexion à la base de données réussie
[22-May-2025 17:56:56 Europe/Berlin] Connexion à la base de données réussie
[22-May-2025 17:57:33 Europe/Berlin] Connexion à la base de données réussie
[22-May-2025 18:12:11 Europe/Berlin] Connexion à la base de données réussie
[22-May-2025 18:12:20 Europe/Berlin] Connexion à la base de données réussie
[22-May-2025 18:12:20 Europe/Berlin] Réception d'une requête POST
[22-May-2025 18:12:20 Europe/Berlin] Données reçues - Username: affiba.j
[22-May-2025 18:12:20 Europe/Berlin] Tentative de vérification de connexion
[22-May-2025 18:12:20 Europe/Berlin] Début de la vérification de connexion pour l'utilisateur: affiba.j
[22-May-2025 18:12:20 Europe/Berlin] Utilisateur trouvé dans la base de données
[22-May-2025 18:12:20 Europe/Berlin] Hash stocké: $2y$10$of2PP/qVDDaOjRi3C0yt0Ox09J.UYn6rxGmtYO/Q5IdQxRy/nnGbq
[22-May-2025 18:12:20 Europe/Berlin] Mot de passe vérifié avec succès
[22-May-2025 18:12:20 Europe/Berlin] Session initialisée avec succès
[22-May-2025 18:12:20 Europe/Berlin] Connexion réussie, tentative de redirection
[22-May-2025 18:12:39 Europe/Berlin] Connexion à la base de données réussie
[22-May-2025 18:12:39 Europe/Berlin] Réception d'une requête POST
[22-May-2025 18:12:39 Europe/Berlin] Données reçues - Username: admin
[22-May-2025 18:12:39 Europe/Berlin] Tentative de vérification de connexion
[22-May-2025 18:12:39 Europe/Berlin] Début de la vérification de connexion pour l'utilisateur: admin
[22-May-2025 18:12:39 Europe/Berlin] Utilisateur trouvé dans la base de données
[22-May-2025 18:12:39 Europe/Berlin] Hash stocké: $2y$10$3GX3lYs0f/iSttZhUNYf1.3026KnlSv18x2TNkj2N2thSxjcHnwjG
[22-May-2025 18:12:39 Europe/Berlin] Mot de passe vérifié avec succès
[22-May-2025 18:12:39 Europe/Berlin] Session initialisée avec succès
[22-May-2025 18:12:39 Europe/Berlin] Connexion réussie, tentative de redirection
[22-May-2025 18:22:55 Europe/Berlin] Connexion à la base de données réussie
[22-May-2025 18:23:26 Europe/Berlin] Connexion à la base de données réussie
[22-May-2025 18:23:26 Europe/Berlin] Réception d'une requête POST
[22-May-2025 18:23:26 Europe/Berlin] Données reçues - Username: admin
[22-May-2025 18:23:26 Europe/Berlin] Tentative de vérification de connexion
[22-May-2025 18:23:26 Europe/Berlin] Début de la vérification de connexion pour l'utilisateur: admin
[22-May-2025 18:23:26 Europe/Berlin] Utilisateur trouvé dans la base de données
[22-May-2025 18:23:26 Europe/Berlin] Hash stocké: $2y$10$3GX3lYs0f/iSttZhUNYf1.3026KnlSv18x2TNkj2N2thSxjcHnwjG
[22-May-2025 18:23:26 Europe/Berlin] Mot de passe vérifié avec succès
[22-May-2025 18:23:26 Europe/Berlin] Session initialisée avec succès
[22-May-2025 18:23:26 Europe/Berlin] Connexion réussie, tentative de redirection
[23-May-2025 10:12:25 Europe/Berlin] Connexion à la base de données réussie
[23-May-2025 10:14:41 Europe/Berlin] Connexion à la base de données réussie
[23-May-2025 10:14:43 Europe/Berlin] Connexion à la base de données réussie
[23-May-2025 10:14:43 Europe/Berlin] Réception d'une requête POST
[23-May-2025 10:14:43 Europe/Berlin] Données reçues - Username: admin
[23-May-2025 10:14:43 Europe/Berlin] Tentative de vérification de connexion
[23-May-2025 10:14:43 Europe/Berlin] Début de la vérification de connexion pour l'utilisateur: admin
[23-May-2025 10:14:43 Europe/Berlin] Utilisateur trouvé dans la base de données
[23-May-2025 10:14:43 Europe/Berlin] Hash stocké: $2y$10$3GX3lYs0f/iSttZhUNYf1.3026KnlSv18x2TNkj2N2thSxjcHnwjG
[23-May-2025 10:14:43 Europe/Berlin] Mot de passe vérifié avec succès
[23-May-2025 10:14:43 Europe/Berlin] Session initialisée avec succès
[23-May-2025 10:14:43 Europe/Berlin] Connexion réussie, tentative de redirection
[23-May-2025 21:58:44 Europe/Berlin] Connexion à la base de données réussie
[23-May-2025 21:58:57 Europe/Berlin] Connexion à la base de données réussie
[23-May-2025 21:58:57 Europe/Berlin] Réception d'une requête POST
[23-May-2025 21:58:57 Europe/Berlin] Données reçues - Username: admin
[23-May-2025 21:58:57 Europe/Berlin] Tentative de vérification de connexion
[23-May-2025 21:58:57 Europe/Berlin] Début de la vérification de connexion pour l'utilisateur: admin
[23-May-2025 21:58:57 Europe/Berlin] Utilisateur trouvé dans la base de données
[23-May-2025 21:58:57 Europe/Berlin] Hash stocké: $2y$10$3GX3lYs0f/iSttZhUNYf1.3026KnlSv18x2TNkj2N2thSxjcHnwjG
[23-May-2025 21:58:57 Europe/Berlin] Mot de passe vérifié avec succès
[23-May-2025 21:58:57 Europe/Berlin] Session initialisée avec succès
[23-May-2025 21:58:57 Europe/Berlin] Connexion réussie, tentative de redirection
[24-May-2025 22:34:43 Europe/Berlin] Connexion à la base de données réussie
[30-May-2025 22:31:35 Europe/Berlin] Connexion à la base de données réussie
[30-May-2025 23:03:20 Europe/Berlin] Connexion à la base de données réussie
[30-May-2025 23:03:20 Europe/Berlin] Réception d'une requête POST
[30-May-2025 23:03:20 Europe/Berlin] Données reçues - Username: sgnazere@gmail.com
[30-May-2025 23:03:20 Europe/Berlin] Tentative de vérification de connexion
[30-May-2025 23:03:20 Europe/Berlin] Début de la vérification de connexion pour l'utilisateur: sgnazere@gmail.com
[30-May-2025 23:03:20 Europe/Berlin] Aucun utilisateur trouvé avec ce nom d'utilisateur
[30-May-2025 23:03:20 Europe/Berlin] Échec de la connexion
[30-May-2025 23:03:42 Europe/Berlin] Connexion à la base de données réussie
[30-May-2025 23:03:42 Europe/Berlin] Réception d'une requête POST
[30-May-2025 23:03:42 Europe/Berlin] Données reçues - Username: admin
[30-May-2025 23:03:42 Europe/Berlin] Tentative de vérification de connexion
[30-May-2025 23:03:42 Europe/Berlin] Début de la vérification de connexion pour l'utilisateur: admin
[30-May-2025 23:03:42 Europe/Berlin] Utilisateur trouvé dans la base de données
[30-May-2025 23:03:42 Europe/Berlin] Hash stocké: $2y$10$3GX3lYs0f/iSttZhUNYf1.3026KnlSv18x2TNkj2N2thSxjcHnwjG
[30-May-2025 23:03:42 Europe/Berlin] Mot de passe vérifié avec succès
[30-May-2025 23:03:42 Europe/Berlin] Session initialisée avec succès
[30-May-2025 23:03:42 Europe/Berlin] Connexion réussie, tentative de redirection
[19-Jun-2025 22:46:29 Europe/Berlin] Connexion à la base de données réussie
[19-Jun-2025 22:46:32 Europe/Berlin] Connexion à la base de données réussie
[19-Jun-2025 22:46:32 Europe/Berlin] Réception d'une requête POST
[19-Jun-2025 22:46:32 Europe/Berlin] Données reçues - Username: goas1709@gmail.com
[19-Jun-2025 22:46:32 Europe/Berlin] Tentative de vérification de connexion
[19-Jun-2025 22:46:32 Europe/Berlin] Début de la vérification de connexion pour l'utilisateur: goas1709@gmail.com
[19-Jun-2025 22:46:32 Europe/Berlin] Aucun utilisateur trouvé avec ce nom d'utilisateur
[19-Jun-2025 22:46:32 Europe/Berlin] Échec de la connexion
[19-Jun-2025 22:46:43 Europe/Berlin] Connexion à la base de données réussie
[19-Jun-2025 22:46:43 Europe/Berlin] Réception d'une requête POST
[19-Jun-2025 22:46:43 Europe/Berlin] Données reçues - Username: goas1709@gmail.com
[19-Jun-2025 22:46:43 Europe/Berlin] Tentative de vérification de connexion
[19-Jun-2025 22:46:43 Europe/Berlin] Début de la vérification de connexion pour l'utilisateur: goas1709@gmail.com
[19-Jun-2025 22:46:43 Europe/Berlin] Aucun utilisateur trouvé avec ce nom d'utilisateur
[19-Jun-2025 22:46:43 Europe/Berlin] Échec de la connexion
[19-Jun-2025 22:47:07 Europe/Berlin] Connexion à la base de données réussie
[19-Jun-2025 22:47:07 Europe/Berlin] Réception d'une requête POST
[19-Jun-2025 22:47:07 Europe/Berlin] Données reçues - Username: admin
[19-Jun-2025 22:47:07 Europe/Berlin] Tentative de vérification de connexion
[19-Jun-2025 22:47:07 Europe/Berlin] Début de la vérification de connexion pour l'utilisateur: admin
[19-Jun-2025 22:47:07 Europe/Berlin] Utilisateur trouvé dans la base de données
[19-Jun-2025 22:47:07 Europe/Berlin] Hash stocké: $2y$10$3GX3lYs0f/iSttZhUNYf1.3026KnlSv18x2TNkj2N2thSxjcHnwjG
[19-Jun-2025 22:47:07 Europe/Berlin] Échec de la vérification du mot de passe
[19-Jun-2025 22:47:07 Europe/Berlin] Échec de la connexion
[19-Jun-2025 22:47:24 Europe/Berlin] Connexion à la base de données réussie
[19-Jun-2025 22:47:24 Europe/Berlin] Réception d'une requête POST
[19-Jun-2025 22:47:24 Europe/Berlin] Données reçues - Username: admin
[19-Jun-2025 22:47:24 Europe/Berlin] Tentative de vérification de connexion
[19-Jun-2025 22:47:24 Europe/Berlin] Début de la vérification de connexion pour l'utilisateur: admin
[19-Jun-2025 22:47:24 Europe/Berlin] Utilisateur trouvé dans la base de données
[19-Jun-2025 22:47:24 Europe/Berlin] Hash stocké: $2y$10$3GX3lYs0f/iSttZhUNYf1.3026KnlSv18x2TNkj2N2thSxjcHnwjG
[19-Jun-2025 22:47:24 Europe/Berlin] Échec de la vérification du mot de passe
[19-Jun-2025 22:47:24 Europe/Berlin] Échec de la connexion
[19-Jun-2025 22:55:25 Europe/Berlin] Connexion à la base de données réussie
[19-Jun-2025 22:55:25 Europe/Berlin] Réception d'une requête POST
[19-Jun-2025 22:55:25 Europe/Berlin] Données reçues - Username: admin
[19-Jun-2025 22:55:25 Europe/Berlin] Tentative de vérification de connexion
[19-Jun-2025 22:55:25 Europe/Berlin] Début de la vérification de connexion pour l'utilisateur: admin
[19-Jun-2025 22:55:25 Europe/Berlin] Utilisateur trouvé dans la base de données
[19-Jun-2025 22:55:25 Europe/Berlin] Hash stocké: $2y$10$3GX3lYs0f/iSttZhUNYf1.3026KnlSv18x2TNkj2N2thSxjcHnwjG
[19-Jun-2025 22:55:26 Europe/Berlin] Mot de passe vérifié avec succès
[19-Jun-2025 22:55:26 Europe/Berlin] Session initialisée avec succès
[19-Jun-2025 22:55:26 Europe/Berlin] Connexion réussie, tentative de redirection
[05-Jul-2025 13:49:38 Europe/Berlin] Connexion à la base de données réussie
[05-Jul-2025 13:49:41 Europe/Berlin] Connexion à la base de données réussie
[05-Jul-2025 13:49:41 Europe/Berlin] Réception d'une requête POST
[05-Jul-2025 13:49:41 Europe/Berlin] Données reçues - Username: admin
[05-Jul-2025 13:49:41 Europe/Berlin] Tentative de vérification de connexion
[05-Jul-2025 13:49:41 Europe/Berlin] Début de la vérification de connexion pour l'utilisateur: admin
[05-Jul-2025 13:49:41 Europe/Berlin] Utilisateur trouvé dans la base de données
[05-Jul-2025 13:49:41 Europe/Berlin] Hash stocké: $2y$10$3GX3lYs0f/iSttZhUNYf1.3026KnlSv18x2TNkj2N2thSxjcHnwjG
[05-Jul-2025 13:49:41 Europe/Berlin] Mot de passe vérifié avec succès
[05-Jul-2025 13:49:41 Europe/Berlin] Session initialisée avec succès
[05-Jul-2025 13:49:41 Europe/Berlin] Connexion réussie, tentative de redirection
[05-Jul-2025 14:11:58 Europe/Berlin] Connexion à la base de données réussie
[05-Jul-2025 14:12:00 Europe/Berlin] Connexion à la base de données réussie
[05-Jul-2025 14:12:00 Europe/Berlin] Réception d'une requête POST
[05-Jul-2025 14:12:00 Europe/Berlin] Données reçues - Username: admin
[05-Jul-2025 14:12:00 Europe/Berlin] Tentative de vérification de connexion
[05-Jul-2025 14:12:00 Europe/Berlin] Début de la vérification de connexion pour l'utilisateur: admin
[05-Jul-2025 14:12:00 Europe/Berlin] Utilisateur trouvé dans la base de données
[05-Jul-2025 14:12:00 Europe/Berlin] Hash stocké: $2y$10$3GX3lYs0f/iSttZhUNYf1.3026KnlSv18x2TNkj2N2thSxjcHnwjG
[05-Jul-2025 14:12:00 Europe/Berlin] Mot de passe vérifié avec succès
[05-Jul-2025 14:12:00 Europe/Berlin] Session initialisée avec succès
[05-Jul-2025 14:12:00 Europe/Berlin] Connexion réussie, tentative de redirection
[05-Jul-2025 14:13:58 Europe/Berlin] Connexion à la base de données réussie
[05-Jul-2025 14:14:00 Europe/Berlin] Connexion à la base de données réussie
[05-Jul-2025 14:14:00 Europe/Berlin] Réception d'une requête POST
[05-Jul-2025 14:14:00 Europe/Berlin] Données reçues - Username: admin
[05-Jul-2025 14:14:00 Europe/Berlin] Tentative de vérification de connexion
[05-Jul-2025 14:14:00 Europe/Berlin] Début de la vérification de connexion pour l'utilisateur: admin
[05-Jul-2025 14:14:00 Europe/Berlin] Utilisateur trouvé dans la base de données
[05-Jul-2025 14:14:00 Europe/Berlin] Hash stocké: $2y$10$3GX3lYs0f/iSttZhUNYf1.3026KnlSv18x2TNkj2N2thSxjcHnwjG
[05-Jul-2025 14:14:00 Europe/Berlin] Mot de passe vérifié avec succès
[05-Jul-2025 14:14:00 Europe/Berlin] Session initialisée avec succès
[05-Jul-2025 14:14:00 Europe/Berlin] Connexion réussie, tentative de redirection
[05-Jul-2025 14:16:20 Europe/Berlin] Connexion à la base de données réussie
[05-Jul-2025 14:16:39 Europe/Berlin] Connexion à la base de données réussie
[05-Jul-2025 14:16:39 Europe/Berlin] Réception d'une requête POST
[05-Jul-2025 14:16:39 Europe/Berlin] Données reçues - Username: admin
[05-Jul-2025 14:16:39 Europe/Berlin] Tentative de vérification de connexion
[05-Jul-2025 14:16:39 Europe/Berlin] Début de la vérification de connexion pour l'utilisateur: admin
[05-Jul-2025 14:16:39 Europe/Berlin] Utilisateur trouvé dans la base de données
[05-Jul-2025 14:16:39 Europe/Berlin] Hash stocké: $2y$10$3GX3lYs0f/iSttZhUNYf1.3026KnlSv18x2TNkj2N2thSxjcHnwjG
[05-Jul-2025 14:16:39 Europe/Berlin] Mot de passe vérifié avec succès
[05-Jul-2025 14:16:39 Europe/Berlin] Session initialisée avec succès
[05-Jul-2025 14:16:39 Europe/Berlin] Connexion réussie, tentative de redirection
[05-Jul-2025 14:22:59 Europe/Berlin] Connexion à la base de données réussie
[05-Jul-2025 14:23:06 Europe/Berlin] Connexion à la base de données réussie
[05-Jul-2025 14:23:06 Europe/Berlin] Réception d'une requête POST
[05-Jul-2025 14:23:06 Europe/Berlin] Données reçues - Username: jaffi
[05-Jul-2025 14:23:06 Europe/Berlin] Tentative de vérification de connexion
[05-Jul-2025 14:23:06 Europe/Berlin] Début de la vérification de connexion pour l'utilisateur: jaffi
[05-Jul-2025 14:23:06 Europe/Berlin] Utilisateur trouvé dans la base de données
[05-Jul-2025 14:23:06 Europe/Berlin] Hash stocké: $2y$10$Xmqs89KOqC6lTKxAAU24YuAtDSP35Dbrmq1i6VJPr0yreBmLGSRCW
[05-Jul-2025 14:23:06 Europe/Berlin] Mot de passe vérifié avec succès
[05-Jul-2025 14:23:06 Europe/Berlin] Session initialisée avec succès
[05-Jul-2025 14:23:06 Europe/Berlin] Connexion réussie, tentative de redirection
[05-Jul-2025 14:24:47 Europe/Berlin] Connexion à la base de données réussie
[05-Jul-2025 14:24:48 Europe/Berlin] Connexion à la base de données réussie
[05-Jul-2025 14:24:48 Europe/Berlin] Réception d'une requête POST
[05-Jul-2025 14:24:48 Europe/Berlin] Données reçues - Username: admin
[05-Jul-2025 14:24:48 Europe/Berlin] Tentative de vérification de connexion
[05-Jul-2025 14:24:48 Europe/Berlin] Début de la vérification de connexion pour l'utilisateur: admin
[05-Jul-2025 14:24:48 Europe/Berlin] Utilisateur trouvé dans la base de données
[05-Jul-2025 14:24:48 Europe/Berlin] Hash stocké: $2y$10$3GX3lYs0f/iSttZhUNYf1.3026KnlSv18x2TNkj2N2thSxjcHnwjG
[05-Jul-2025 14:24:48 Europe/Berlin] Mot de passe vérifié avec succès
[05-Jul-2025 14:24:48 Europe/Berlin] Session initialisée avec succès
[05-Jul-2025 14:24:48 Europe/Berlin] Connexion réussie, tentative de redirection
[05-Jul-2025 15:39:18 Europe/Berlin] Connexion à la base de données réussie
[05-Jul-2025 15:39:20 Europe/Berlin] Connexion à la base de données réussie
[05-Jul-2025 15:39:20 Europe/Berlin] Réception d'une requête POST
[05-Jul-2025 15:39:20 Europe/Berlin] Données reçues - Username: admin
[05-Jul-2025 15:39:20 Europe/Berlin] Tentative de vérification de connexion
[05-Jul-2025 15:39:20 Europe/Berlin] Début de la vérification de connexion pour l'utilisateur: admin
[05-Jul-2025 15:39:20 Europe/Berlin] Utilisateur trouvé dans la base de données
[05-Jul-2025 15:39:20 Europe/Berlin] Hash stocké: $2y$10$3GX3lYs0f/iSttZhUNYf1.3026KnlSv18x2TNkj2N2thSxjcHnwjG
[05-Jul-2025 15:39:20 Europe/Berlin] Mot de passe vérifié avec succès
[05-Jul-2025 15:39:20 Europe/Berlin] Session initialisée avec succès
[05-Jul-2025 15:39:20 Europe/Berlin] Connexion réussie, tentative de redirection
[05-Jul-2025 17:33:42 Europe/Berlin] Connexion à la base de données réussie
[05-Jul-2025 17:33:44 Europe/Berlin] Connexion à la base de données réussie
[05-Jul-2025 17:33:44 Europe/Berlin] Réception d'une requête POST
[05-Jul-2025 17:33:44 Europe/Berlin] Données reçues - Username: admin
[05-Jul-2025 17:33:44 Europe/Berlin] Tentative de vérification de connexion
[05-Jul-2025 17:33:44 Europe/Berlin] Début de la vérification de connexion pour l'utilisateur: admin
[05-Jul-2025 17:33:44 Europe/Berlin] Utilisateur trouvé dans la base de données
[05-Jul-2025 17:33:44 Europe/Berlin] Hash stocké: $2y$10$3GX3lYs0f/iSttZhUNYf1.3026KnlSv18x2TNkj2N2thSxjcHnwjG
[05-Jul-2025 17:33:44 Europe/Berlin] Mot de passe vérifié avec succès
[05-Jul-2025 17:33:44 Europe/Berlin] Session initialisée avec succès
[05-Jul-2025 17:33:44 Europe/Berlin] Connexion réussie, tentative de redirection
[06-Jul-2025 21:37:58 Europe/Berlin] Connexion à la base de données réussie
[06-Jul-2025 21:38:04 Europe/Berlin] Connexion à la base de données réussie
[06-Jul-2025 21:38:04 Europe/Berlin] Réception d'une requête POST
[06-Jul-2025 21:38:04 Europe/Berlin] Données reçues - Username: admin
[06-Jul-2025 21:38:04 Europe/Berlin] Tentative de vérification de connexion
[06-Jul-2025 21:38:04 Europe/Berlin] Début de la vérification de connexion pour l'utilisateur: admin
[06-Jul-2025 21:38:04 Europe/Berlin] Utilisateur trouvé dans la base de données
[06-Jul-2025 21:38:04 Europe/Berlin] Hash stocké: $2y$10$3GX3lYs0f/iSttZhUNYf1.3026KnlSv18x2TNkj2N2thSxjcHnwjG
[06-Jul-2025 21:38:04 Europe/Berlin] Mot de passe vérifié avec succès
[06-Jul-2025 21:38:04 Europe/Berlin] Session initialisée avec succès
[06-Jul-2025 21:38:04 Europe/Berlin] Connexion réussie, tentative de redirection
[06-Jul-2025 21:39:28 Europe/Berlin] Connexion à la base de données réussie
[06-Jul-2025 21:39:38 Europe/Berlin] Connexion à la base de données réussie
[06-Jul-2025 21:39:38 Europe/Berlin] Réception d'une requête POST
[06-Jul-2025 21:39:38 Europe/Berlin] Données reçues - Username: admin
[06-Jul-2025 21:39:38 Europe/Berlin] Tentative de vérification de connexion
[06-Jul-2025 21:39:38 Europe/Berlin] Début de la vérification de connexion pour l'utilisateur: admin
[06-Jul-2025 21:39:38 Europe/Berlin] Utilisateur trouvé dans la base de données
[06-Jul-2025 21:39:38 Europe/Berlin] Hash stocké: $2y$10$3GX3lYs0f/iSttZhUNYf1.3026KnlSv18x2TNkj2N2thSxjcHnwjG
[06-Jul-2025 21:39:38 Europe/Berlin] Mot de passe vérifié avec succès
[06-Jul-2025 21:39:38 Europe/Berlin] Session initialisée avec succès
[06-Jul-2025 21:39:38 Europe/Berlin] Connexion réussie, tentative de redirection
[07-Jul-2025 13:20:57 Europe/Berlin] Connexion à la base de données réussie
[08-Jul-2025 12:13:12 Europe/Berlin] Connexion à la base de données réussie
[08-Jul-2025 12:19:25 Europe/Berlin] Connexion à la base de données réussie
[08-Jul-2025 12:19:25 Europe/Berlin] Réception d'une requête POST
[08-Jul-2025 12:19:25 Europe/Berlin] Données reçues - Username: admin
[08-Jul-2025 12:19:25 Europe/Berlin] Tentative de vérification de connexion
[08-Jul-2025 12:19:25 Europe/Berlin] Début de la vérification de connexion pour l'utilisateur: admin
[08-Jul-2025 12:19:25 Europe/Berlin] Utilisateur trouvé dans la base de données
[08-Jul-2025 12:19:25 Europe/Berlin] Hash stocké: $2y$10$3GX3lYs0f/iSttZhUNYf1.3026KnlSv18x2TNkj2N2thSxjcHnwjG
[08-Jul-2025 12:19:25 Europe/Berlin] Mot de passe vérifié avec succès
[08-Jul-2025 12:19:25 Europe/Berlin] Session initialisée avec succès
[08-Jul-2025 12:19:25 Europe/Berlin] Connexion réussie, tentative de redirection
[10-Jul-2025 12:17:27 Europe/Berlin] Connexion à la base de données réussie
[10-Jul-2025 15:11:08 Europe/Berlin] Connexion à la base de données réussie
[10-Jul-2025 15:11:16 Europe/Berlin] Connexion à la base de données réussie
[10-Jul-2025 15:11:16 Europe/Berlin] Réception d'une requête POST
[10-Jul-2025 15:11:16 Europe/Berlin] Données reçues - Username: admin
[10-Jul-2025 15:11:16 Europe/Berlin] Tentative de vérification de connexion
[10-Jul-2025 15:11:16 Europe/Berlin] Début de la vérification de connexion pour l'utilisateur: admin
[10-Jul-2025 15:11:16 Europe/Berlin] Utilisateur trouvé dans la base de données
[10-Jul-2025 15:11:16 Europe/Berlin] Hash stocké: $2y$10$3GX3lYs0f/iSttZhUNYf1.3026KnlSv18x2TNkj2N2thSxjcHnwjG
[10-Jul-2025 15:11:16 Europe/Berlin] Mot de passe vérifié avec succès
[10-Jul-2025 15:11:16 Europe/Berlin] Session initialisée avec succès
[10-Jul-2025 15:11:16 Europe/Berlin] Connexion réussie, tentative de redirection
[10-Jul-2025 19:17:09 Europe/Berlin] Connexion à la base de données réussie
[10-Jul-2025 19:17:11 Europe/Berlin] Connexion à la base de données réussie
[10-Jul-2025 19:17:30 Europe/Berlin] Connexion à la base de données réussie
[10-Jul-2025 19:17:30 Europe/Berlin] Réception d'une requête POST
[10-Jul-2025 19:17:30 Europe/Berlin] Données reçues - Username: admin
[10-Jul-2025 19:17:30 Europe/Berlin] Tentative de vérification de connexion
[10-Jul-2025 19:17:30 Europe/Berlin] Début de la vérification de connexion pour l'utilisateur: admin
[10-Jul-2025 19:17:30 Europe/Berlin] Utilisateur trouvé dans la base de données
[10-Jul-2025 19:17:30 Europe/Berlin] Hash stocké: $2y$10$3GX3lYs0f/iSttZhUNYf1.3026KnlSv18x2TNkj2N2thSxjcHnwjG
[10-Jul-2025 19:17:30 Europe/Berlin] Mot de passe vérifié avec succès
[10-Jul-2025 19:17:30 Europe/Berlin] Session initialisée avec succès
[10-Jul-2025 19:17:30 Europe/Berlin] Connexion réussie, tentative de redirection
[12-Jul-2025 01:29:41 Europe/Berlin] Connexion à la base de données réussie
[12-Jul-2025 03:37:02 Europe/Berlin] Connexion à la base de données réussie
[16-Jul-2025 11:06:15 Europe/Berlin] Connexion à la base de données réussie
[17-Jul-2025 10:12:41 Europe/Berlin] Connexion à la base de données réussie
[17-Jul-2025 20:42:57 Europe/Berlin] Connexion à la base de données réussie
[17-Jul-2025 20:50:20 Europe/Berlin] Connexion à la base de données réussie
[17-Jul-2025 20:50:54 Europe/Berlin] Connexion à la base de données réussie
[17-Jul-2025 20:50:54 Europe/Berlin] Réception d'une requête POST
[17-Jul-2025 20:50:54 Europe/Berlin] Données reçues - Username: admin
[17-Jul-2025 20:50:54 Europe/Berlin] Tentative de vérification de connexion
[17-Jul-2025 20:50:54 Europe/Berlin] Début de la vérification de connexion pour l'utilisateur: admin
[17-Jul-2025 20:50:54 Europe/Berlin] Utilisateur trouvé dans la base de données
[17-Jul-2025 20:50:54 Europe/Berlin] Hash stocké: $2y$10$3GX3lYs0f/iSttZhUNYf1.3026KnlSv18x2TNkj2N2thSxjcHnwjG
[17-Jul-2025 20:50:54 Europe/Berlin] Mot de passe vérifié avec succès
[17-Jul-2025 20:50:54 Europe/Berlin] Session initialisée avec succès
[17-Jul-2025 20:50:54 Europe/Berlin] Connexion réussie, tentative de redirection
[18-Jul-2025 15:39:53 Europe/Berlin] Connexion à la base de données réussie
[18-Jul-2025 20:48:42 Europe/Berlin] Connexion à la base de données réussie
[19-Jul-2025 01:47:27 Europe/Berlin] Connexion à la base de données réussie
[24-Jul-2025 07:38:22 Europe/Berlin] Connexion à la base de données réussie
[24-Jul-2025 08:09:25 Europe/Berlin] Connexion à la base de données réussie
[24-Jul-2025 09:31:18 Europe/Berlin] Connexion à la base de données réussie
[25-Jul-2025 18:18:15 Europe/Berlin] Connexion à la base de données réussie
[25-Jul-2025 20:55:22 Europe/Berlin] Connexion à la base de données réussie
[25-Jul-2025 22:40:23 Europe/Berlin] Connexion à la base de données réussie
[25-Jul-2025 23:13:59 Europe/Berlin] Connexion à la base de données réussie
[25-Jul-2025 23:14:06 Europe/Berlin] Connexion à la base de données réussie
[25-Jul-2025 23:14:06 Europe/Berlin] Réception d'une requête POST
[25-Jul-2025 23:14:06 Europe/Berlin] Données reçues - Username: admin
[25-Jul-2025 23:14:06 Europe/Berlin] Tentative de vérification de connexion
[25-Jul-2025 23:14:06 Europe/Berlin] Début de la vérification de connexion pour l'utilisateur: admin
[25-Jul-2025 23:14:06 Europe/Berlin] Utilisateur trouvé dans la base de données
[25-Jul-2025 23:14:06 Europe/Berlin] Hash stocké: $2y$10$3GX3lYs0f/iSttZhUNYf1.3026KnlSv18x2TNkj2N2thSxjcHnwjG
[25-Jul-2025 23:14:06 Europe/Berlin] Mot de passe vérifié avec succès
[25-Jul-2025 23:14:06 Europe/Berlin] Session initialisée avec succès
[25-Jul-2025 23:14:06 Europe/Berlin] Connexion réussie, tentative de redirection
[25-Jul-2025 23:31:35 Europe/Berlin] Connexion à la base de données réussie
[25-Jul-2025 23:31:51 Europe/Berlin] Connexion à la base de données réussie
[25-Jul-2025 23:31:51 Europe/Berlin] Réception d'une requête POST
[25-Jul-2025 23:31:51 Europe/Berlin] Données reçues - Username: admin
[25-Jul-2025 23:31:51 Europe/Berlin] Tentative de vérification de connexion
[25-Jul-2025 23:31:51 Europe/Berlin] Début de la vérification de connexion pour l'utilisateur: admin
[25-Jul-2025 23:31:51 Europe/Berlin] Utilisateur trouvé dans la base de données
[25-Jul-2025 23:31:51 Europe/Berlin] Hash stocké: $2y$10$3GX3lYs0f/iSttZhUNYf1.3026KnlSv18x2TNkj2N2thSxjcHnwjG
[25-Jul-2025 23:31:51 Europe/Berlin] Mot de passe vérifié avec succès
[25-Jul-2025 23:31:51 Europe/Berlin] Session initialisée avec succès
[25-Jul-2025 23:31:51 Europe/Berlin] Connexion réussie, tentative de redirection
[26-Jul-2025 00:19:32 Europe/Berlin] Connexion à la base de données réussie
[26-Jul-2025 00:49:58 Europe/Berlin] Connexion à la base de données réussie
[26-Jul-2025 02:20:34 Europe/Berlin] Connexion à la base de données réussie
[26-Jul-2025 02:23:46 Europe/Berlin] Connexion à la base de données réussie
[27-Jul-2025 00:38:04 Europe/Berlin] Connexion à la base de données réussie
[30-Jul-2025 17:40:58 Europe/Berlin] Connexion à la base de données réussie
[30-Jul-2025 17:41:05 Europe/Berlin] Connexion à la base de données réussie
[30-Jul-2025 17:41:05 Europe/Berlin] Réception d'une requête POST
[30-Jul-2025 17:41:05 Europe/Berlin] Données reçues - Username: admin
[30-Jul-2025 17:41:05 Europe/Berlin] Tentative de vérification de connexion
[30-Jul-2025 17:41:05 Europe/Berlin] Début de la vérification de connexion pour l'utilisateur: admin
[30-Jul-2025 17:41:05 Europe/Berlin] Utilisateur trouvé dans la base de données
[30-Jul-2025 17:41:05 Europe/Berlin] Hash stocké: $2y$10$3GX3lYs0f/iSttZhUNYf1.3026KnlSv18x2TNkj2N2thSxjcHnwjG
[30-Jul-2025 17:41:05 Europe/Berlin] Mot de passe vérifié avec succès
[30-Jul-2025 17:41:05 Europe/Berlin] Session initialisée avec succès
[30-Jul-2025 17:41:05 Europe/Berlin] Connexion réussie, tentative de redirection
[30-Jul-2025 17:41:24 Europe/Berlin] Connexion à la base de données réussie
[30-Jul-2025 17:41:24 Europe/Berlin] Réception d'une requête POST
[30-Jul-2025 17:41:24 Europe/Berlin] Données reçues - Username: admin
[30-Jul-2025 17:41:24 Europe/Berlin] Tentative de vérification de connexion
[30-Jul-2025 17:41:24 Europe/Berlin] Début de la vérification de connexion pour l'utilisateur: admin
[30-Jul-2025 17:41:24 Europe/Berlin] Utilisateur trouvé dans la base de données
[30-Jul-2025 17:41:24 Europe/Berlin] Hash stocké: $2y$10$3GX3lYs0f/iSttZhUNYf1.3026KnlSv18x2TNkj2N2thSxjcHnwjG
[30-Jul-2025 17:41:24 Europe/Berlin] Mot de passe vérifié avec succès
[30-Jul-2025 17:41:24 Europe/Berlin] Session initialisée avec succès
[30-Jul-2025 17:41:24 Europe/Berlin] Connexion réussie, tentative de redirection
[30-Jul-2025 17:48:04 Europe/Berlin] Connexion à la base de données réussie
[30-Jul-2025 17:48:08 Europe/Berlin] Connexion à la base de données réussie
[30-Jul-2025 17:48:08 Europe/Berlin] Réception d'une requête POST
[30-Jul-2025 17:48:08 Europe/Berlin] Données reçues - Username: ifassande
[30-Jul-2025 17:48:08 Europe/Berlin] Tentative de vérification de connexion
[30-Jul-2025 17:48:08 Europe/Berlin] Début de la vérification de connexion pour l'utilisateur: ifassande
[30-Jul-2025 17:48:08 Europe/Berlin] Utilisateur trouvé dans la base de données
[30-Jul-2025 17:48:08 Europe/Berlin] Hash stocké: $2y$10$qqEpEk3t8BmIg9b8gSPEZOgOHl6eC.IKJHlmlfGS1kqOXfTDy09wy
[30-Jul-2025 17:48:08 Europe/Berlin] Mot de passe vérifié avec succès
[30-Jul-2025 17:48:08 Europe/Berlin] Session initialisée avec succès
[30-Jul-2025 17:48:08 Europe/Berlin] Connexion réussie, tentative de redirection
[30-Jul-2025 17:48:39 Europe/Berlin] Connexion à la base de données réussie
[30-Jul-2025 17:48:40 Europe/Berlin] Connexion à la base de données réussie
[30-Jul-2025 17:48:57 Europe/Berlin] Connexion à la base de données réussie
[30-Jul-2025 17:49:42 Europe/Berlin] Connexion à la base de données réussie
[30-Jul-2025 17:49:45 Europe/Berlin] Connexion à la base de données réussie
[30-Jul-2025 17:49:45 Europe/Berlin] Réception d'une requête POST
[30-Jul-2025 17:49:45 Europe/Berlin] Données reçues - Username: admin
[30-Jul-2025 17:49:45 Europe/Berlin] Tentative de vérification de connexion
[30-Jul-2025 17:49:45 Europe/Berlin] Début de la vérification de connexion pour l'utilisateur: admin
[30-Jul-2025 17:49:45 Europe/Berlin] Utilisateur trouvé dans la base de données
[30-Jul-2025 17:49:45 Europe/Berlin] Hash stocké: $2y$10$3GX3lYs0f/iSttZhUNYf1.3026KnlSv18x2TNkj2N2thSxjcHnwjG
[30-Jul-2025 17:49:45 Europe/Berlin] Mot de passe vérifié avec succès
[30-Jul-2025 17:49:45 Europe/Berlin] Session initialisée avec succès
[30-Jul-2025 17:49:45 Europe/Berlin] Connexion réussie, tentative de redirection
[31-Jul-2025 13:00:53 Europe/Berlin] Connexion à la base de données réussie
[31-Jul-2025 13:03:00 Europe/Berlin] Connexion à la base de données réussie
[31-Jul-2025 13:03:00 Europe/Berlin] Réception d'une requête POST
[31-Jul-2025 13:03:00 Europe/Berlin] Données reçues - Username: ifassande
[31-Jul-2025 13:03:00 Europe/Berlin] Tentative de vérification de connexion
[31-Jul-2025 13:03:00 Europe/Berlin] Début de la vérification de connexion pour l'utilisateur: ifassande
[31-Jul-2025 13:03:00 Europe/Berlin] Utilisateur trouvé dans la base de données
[31-Jul-2025 13:03:00 Europe/Berlin] Hash stocké: $2y$10$qqEpEk3t8BmIg9b8gSPEZOgOHl6eC.IKJHlmlfGS1kqOXfTDy09wy
[31-Jul-2025 13:03:00 Europe/Berlin] Échec de la vérification du mot de passe
[31-Jul-2025 13:03:00 Europe/Berlin] Échec de la connexion
[31-Jul-2025 13:03:19 Europe/Berlin] Connexion à la base de données réussie
[31-Jul-2025 13:05:30 Europe/Berlin] Connexion à la base de données réussie
[31-Jul-2025 13:05:30 Europe/Berlin] Réception d'une requête POST
[31-Jul-2025 13:05:30 Europe/Berlin] Données reçues - Username:  ifassande
[31-Jul-2025 13:05:30 Europe/Berlin] Tentative de vérification de connexion
[31-Jul-2025 13:05:30 Europe/Berlin] Début de la vérification de connexion pour l'utilisateur:  ifassande
[31-Jul-2025 13:05:30 Europe/Berlin] Aucun utilisateur trouvé avec ce nom d'utilisateur
[31-Jul-2025 13:05:30 Europe/Berlin] Échec de la connexion
[04-Aug-2025 16:24:59 Europe/Berlin] Connexion à la base de données réussie
[04-Aug-2025 16:26:04 Europe/Berlin] Connexion à la base de données réussie
[04-Aug-2025 16:26:04 Europe/Berlin] Réception d'une requête POST
[04-Aug-2025 16:26:04 Europe/Berlin] Données reçues - Username: ifassande
[04-Aug-2025 16:26:04 Europe/Berlin] Tentative de vérification de connexion
[04-Aug-2025 16:26:04 Europe/Berlin] Début de la vérification de connexion pour l'utilisateur: ifassande
[04-Aug-2025 16:26:04 Europe/Berlin] Utilisateur trouvé dans la base de données
[04-Aug-2025 16:26:04 Europe/Berlin] Hash stocké: $2y$10$qqEpEk3t8BmIg9b8gSPEZOgOHl6eC.IKJHlmlfGS1kqOXfTDy09wy
[04-Aug-2025 16:26:05 Europe/Berlin] Mot de passe vérifié avec succès
[04-Aug-2025 16:26:05 Europe/Berlin] Session initialisée avec succès
[04-Aug-2025 16:26:05 Europe/Berlin] Connexion réussie, tentative de redirection
[04-Aug-2025 17:23:32 Europe/Berlin] Connexion à la base de données réussie
[04-Aug-2025 17:31:03 Europe/Berlin] Connexion à la base de données réussie
[04-Aug-2025 17:31:03 Europe/Berlin] Réception d'une requête POST
[04-Aug-2025 17:31:03 Europe/Berlin] Données reçues - Username: admin
[04-Aug-2025 17:31:03 Europe/Berlin] Tentative de vérification de connexion
[04-Aug-2025 17:31:03 Europe/Berlin] Début de la vérification de connexion pour l'utilisateur: admin
[04-Aug-2025 17:31:03 Europe/Berlin] Utilisateur trouvé dans la base de données
[04-Aug-2025 17:31:03 Europe/Berlin] Hash stocké: $2y$10$3GX3lYs0f/iSttZhUNYf1.3026KnlSv18x2TNkj2N2thSxjcHnwjG
[04-Aug-2025 17:31:03 Europe/Berlin] Échec de la vérification du mot de passe
[04-Aug-2025 17:31:03 Europe/Berlin] Échec de la connexion
[04-Aug-2025 17:31:33 Europe/Berlin] Connexion à la base de données réussie
[04-Aug-2025 17:31:33 Europe/Berlin] Réception d'une requête POST
[04-Aug-2025 17:31:33 Europe/Berlin] Données reçues - Username: admin
[04-Aug-2025 17:31:33 Europe/Berlin] Tentative de vérification de connexion
[04-Aug-2025 17:31:33 Europe/Berlin] Début de la vérification de connexion pour l'utilisateur: admin
[04-Aug-2025 17:31:33 Europe/Berlin] Utilisateur trouvé dans la base de données
[04-Aug-2025 17:31:33 Europe/Berlin] Hash stocké: $2y$10$3GX3lYs0f/iSttZhUNYf1.3026KnlSv18x2TNkj2N2thSxjcHnwjG
[04-Aug-2025 17:31:33 Europe/Berlin] Échec de la vérification du mot de passe
[04-Aug-2025 17:31:33 Europe/Berlin] Échec de la connexion
[04-Aug-2025 17:32:39 Europe/Berlin] Connexion à la base de données réussie
[04-Aug-2025 17:32:39 Europe/Berlin] Réception d'une requête POST
[04-Aug-2025 17:32:39 Europe/Berlin] Données reçues - Username: admin
[04-Aug-2025 17:32:39 Europe/Berlin] Tentative de vérification de connexion
[04-Aug-2025 17:32:39 Europe/Berlin] Début de la vérification de connexion pour l'utilisateur: admin
[04-Aug-2025 17:32:39 Europe/Berlin] Utilisateur trouvé dans la base de données
[04-Aug-2025 17:32:39 Europe/Berlin] Hash stocké: $2y$10$3GX3lYs0f/iSttZhUNYf1.3026KnlSv18x2TNkj2N2thSxjcHnwjG
[04-Aug-2025 17:32:39 Europe/Berlin] Échec de la vérification du mot de passe
[04-Aug-2025 17:32:39 Europe/Berlin] Échec de la connexion
[04-Aug-2025 17:34:56 Europe/Berlin] Connexion à la base de données réussie
[04-Aug-2025 17:34:56 Europe/Berlin] Réception d'une requête POST
[04-Aug-2025 17:34:56 Europe/Berlin] Données reçues - Username: ifassande
[04-Aug-2025 17:34:56 Europe/Berlin] Tentative de vérification de connexion
[04-Aug-2025 17:34:56 Europe/Berlin] Début de la vérification de connexion pour l'utilisateur: ifassande
[04-Aug-2025 17:34:56 Europe/Berlin] Utilisateur trouvé dans la base de données
[04-Aug-2025 17:34:56 Europe/Berlin] Hash stocké: $2y$10$qqEpEk3t8BmIg9b8gSPEZOgOHl6eC.IKJHlmlfGS1kqOXfTDy09wy
[04-Aug-2025 17:34:56 Europe/Berlin] Mot de passe vérifié avec succès
[04-Aug-2025 17:34:56 Europe/Berlin] Session initialisée avec succès
[04-Aug-2025 17:34:56 Europe/Berlin] Connexion réussie, tentative de redirection
[04-Aug-2025 17:47:26 Europe/Berlin] Connexion à la base de données réussie
[04-Aug-2025 17:53:44 Europe/Berlin] Connexion à la base de données réussie
[04-Aug-2025 17:54:07 Europe/Berlin] Connexion à la base de données réussie
[04-Aug-2025 17:54:07 Europe/Berlin] Réception d'une requête POST
[04-Aug-2025 17:54:07 Europe/Berlin] Données reçues - Username: ifassande
[04-Aug-2025 17:54:07 Europe/Berlin] Tentative de vérification de connexion
[04-Aug-2025 17:54:07 Europe/Berlin] Début de la vérification de connexion pour l'utilisateur: ifassande
[04-Aug-2025 17:54:07 Europe/Berlin] Utilisateur trouvé dans la base de données
[04-Aug-2025 17:54:07 Europe/Berlin] Hash stocké: $2y$10$qqEpEk3t8BmIg9b8gSPEZOgOHl6eC.IKJHlmlfGS1kqOXfTDy09wy
[04-Aug-2025 17:54:07 Europe/Berlin] Mot de passe vérifié avec succès
[04-Aug-2025 17:54:07 Europe/Berlin] Session initialisée avec succès
[04-Aug-2025 17:54:07 Europe/Berlin] Connexion réussie, tentative de redirection
[04-Aug-2025 17:54:07 Europe/Berlin] Connexion à la base de données réussie
[04-Aug-2025 17:54:45 Europe/Berlin] Connexion à la base de données réussie
[04-Aug-2025 17:54:45 Europe/Berlin] Réception d'une requête POST
[04-Aug-2025 17:54:45 Europe/Berlin] Données reçues - Username: ifassande
[04-Aug-2025 17:54:45 Europe/Berlin] Tentative de vérification de connexion
[04-Aug-2025 17:54:45 Europe/Berlin] Début de la vérification de connexion pour l'utilisateur: ifassande
[04-Aug-2025 17:54:45 Europe/Berlin] Utilisateur trouvé dans la base de données
[04-Aug-2025 17:54:45 Europe/Berlin] Hash stocké: $2y$10$qqEpEk3t8BmIg9b8gSPEZOgOHl6eC.IKJHlmlfGS1kqOXfTDy09wy
[04-Aug-2025 17:54:45 Europe/Berlin] Mot de passe vérifié avec succès
[04-Aug-2025 17:54:45 Europe/Berlin] Session initialisée avec succès
[04-Aug-2025 17:54:45 Europe/Berlin] Connexion réussie, tentative de redirection
[04-Aug-2025 17:54:51 Europe/Berlin] Connexion à la base de données réussie
[04-Aug-2025 17:54:51 Europe/Berlin] Réception d'une requête POST
[04-Aug-2025 17:54:51 Europe/Berlin] Données reçues - Username: ifassande
[04-Aug-2025 17:54:51 Europe/Berlin] Tentative de vérification de connexion
[04-Aug-2025 17:54:51 Europe/Berlin] Début de la vérification de connexion pour l'utilisateur: ifassande
[04-Aug-2025 17:54:51 Europe/Berlin] Utilisateur trouvé dans la base de données
[04-Aug-2025 17:54:51 Europe/Berlin] Hash stocké: $2y$10$qqEpEk3t8BmIg9b8gSPEZOgOHl6eC.IKJHlmlfGS1kqOXfTDy09wy
[04-Aug-2025 17:54:51 Europe/Berlin] Mot de passe vérifié avec succès
[04-Aug-2025 17:54:51 Europe/Berlin] Session initialisée avec succès
[04-Aug-2025 17:54:51 Europe/Berlin] Connexion réussie, tentative de redirection
[04-Aug-2025 17:54:57 Europe/Berlin] Connexion à la base de données réussie
[04-Aug-2025 17:57:05 Europe/Berlin] Connexion à la base de données réussie
[04-Aug-2025 17:58:21 Europe/Berlin] Connexion à la base de données réussie
[04-Aug-2025 17:58:21 Europe/Berlin] Réception d'une requête POST
[04-Aug-2025 17:58:21 Europe/Berlin] Données reçues - Username: ifassande
[04-Aug-2025 17:58:21 Europe/Berlin] Tentative de vérification de connexion
[04-Aug-2025 17:58:21 Europe/Berlin] Début de la vérification de connexion pour l'utilisateur: ifassande
[04-Aug-2025 17:58:21 Europe/Berlin] Utilisateur trouvé dans la base de données
[04-Aug-2025 17:58:21 Europe/Berlin] Hash stocké: $2y$10$qqEpEk3t8BmIg9b8gSPEZOgOHl6eC.IKJHlmlfGS1kqOXfTDy09wy
[04-Aug-2025 17:58:21 Europe/Berlin] Mot de passe vérifié avec succès
[04-Aug-2025 17:58:21 Europe/Berlin] Session initialisée avec succès
[04-Aug-2025 17:58:21 Europe/Berlin] Connexion réussie, tentative de redirection
[04-Aug-2025 17:58:28 Europe/Berlin] Connexion à la base de données réussie
[04-Aug-2025 17:59:43 Europe/Berlin] Connexion à la base de données réussie
[04-Aug-2025 17:59:43 Europe/Berlin] Réception d'une requête POST
[04-Aug-2025 17:59:43 Europe/Berlin] Données reçues - Username: ifassande
[04-Aug-2025 17:59:43 Europe/Berlin] Tentative de vérification de connexion
[04-Aug-2025 17:59:43 Europe/Berlin] Début de la vérification de connexion pour l'utilisateur: ifassande
[04-Aug-2025 17:59:43 Europe/Berlin] Utilisateur trouvé dans la base de données
[04-Aug-2025 17:59:43 Europe/Berlin] Hash stocké: $2y$10$qqEpEk3t8BmIg9b8gSPEZOgOHl6eC.IKJHlmlfGS1kqOXfTDy09wy
[04-Aug-2025 17:59:43 Europe/Berlin] Mot de passe vérifié avec succès
[04-Aug-2025 17:59:43 Europe/Berlin] Session initialisée avec succès
[04-Aug-2025 17:59:43 Europe/Berlin] Connexion réussie, tentative de redirection
[04-Aug-2025 18:00:07 Europe/Berlin] Connexion à la base de données réussie
[04-Aug-2025 18:19:32 Europe/Berlin] Connexion à la base de données réussie
[04-Aug-2025 18:20:18 Europe/Berlin] Connexion à la base de données réussie
[04-Aug-2025 18:20:18 Europe/Berlin] Réception d'une requête POST
[04-Aug-2025 18:20:18 Europe/Berlin] Données reçues - Username: ifassande
[04-Aug-2025 18:20:18 Europe/Berlin] Tentative de vérification de connexion
[04-Aug-2025 18:20:18 Europe/Berlin] Début de la vérification de connexion pour l'utilisateur: ifassande
[04-Aug-2025 18:20:18 Europe/Berlin] Utilisateur trouvé dans la base de données
[04-Aug-2025 18:20:18 Europe/Berlin] Hash stocké: $2y$10$qqEpEk3t8BmIg9b8gSPEZOgOHl6eC.IKJHlmlfGS1kqOXfTDy09wy
[04-Aug-2025 18:20:18 Europe/Berlin] Mot de passe vérifié avec succès
[04-Aug-2025 18:20:18 Europe/Berlin] Session initialisée avec succès
[04-Aug-2025 18:20:18 Europe/Berlin] Connexion réussie, tentative de redirection
[04-Aug-2025 18:20:23 Europe/Berlin] Connexion à la base de données réussie
[04-Aug-2025 18:21:19 Europe/Berlin] Connexion à la base de données réussie
[04-Aug-2025 18:21:19 Europe/Berlin] Réception d'une requête POST
[04-Aug-2025 18:21:19 Europe/Berlin] Données reçues - Username:  ifassande
[04-Aug-2025 18:21:19 Europe/Berlin] Tentative de vérification de connexion
[04-Aug-2025 18:21:19 Europe/Berlin] Début de la vérification de connexion pour l'utilisateur:  ifassande
[04-Aug-2025 18:21:19 Europe/Berlin] Aucun utilisateur trouvé avec ce nom d'utilisateur
[04-Aug-2025 18:21:19 Europe/Berlin] Échec de la connexion
[04-Aug-2025 18:21:58 Europe/Berlin] Connexion à la base de données réussie
[04-Aug-2025 18:21:58 Europe/Berlin] Réception d'une requête POST
[04-Aug-2025 18:21:58 Europe/Berlin] Données reçues - Username: ifassande
[04-Aug-2025 18:21:58 Europe/Berlin] Tentative de vérification de connexion
[04-Aug-2025 18:21:58 Europe/Berlin] Début de la vérification de connexion pour l'utilisateur: ifassande
[04-Aug-2025 18:21:58 Europe/Berlin] Utilisateur trouvé dans la base de données
[04-Aug-2025 18:21:58 Europe/Berlin] Hash stocké: $2y$10$qqEpEk3t8BmIg9b8gSPEZOgOHl6eC.IKJHlmlfGS1kqOXfTDy09wy
[04-Aug-2025 18:21:58 Europe/Berlin] Mot de passe vérifié avec succès
[04-Aug-2025 18:21:58 Europe/Berlin] Session initialisée avec succès
[04-Aug-2025 18:21:58 Europe/Berlin] Connexion réussie, tentative de redirection
[04-Aug-2025 18:21:58 Europe/Berlin] Connexion à la base de données réussie
[04-Aug-2025 18:54:33 Europe/Berlin] Connexion à la base de données réussie
[04-Aug-2025 19:04:57 Europe/Berlin] Connexion à la base de données réussie
[04-Aug-2025 19:04:57 Europe/Berlin] Connexion à la base de données réussie
[04-Aug-2025 19:05:07 Europe/Berlin] Connexion à la base de données réussie
[04-Aug-2025 19:05:07 Europe/Berlin] Réception d'une requête POST
[04-Aug-2025 19:05:07 Europe/Berlin] Données reçues - Username: admin
[04-Aug-2025 19:05:07 Europe/Berlin] Tentative de vérification de connexion
[04-Aug-2025 19:05:07 Europe/Berlin] Début de la vérification de connexion pour l'utilisateur: admin
[04-Aug-2025 19:05:07 Europe/Berlin] Utilisateur trouvé dans la base de données
[04-Aug-2025 19:05:07 Europe/Berlin] Hash stocké: $2y$10$3GX3lYs0f/iSttZhUNYf1.3026KnlSv18x2TNkj2N2thSxjcHnwjG
[04-Aug-2025 19:05:07 Europe/Berlin] Mot de passe vérifié avec succès
[04-Aug-2025 19:05:07 Europe/Berlin] Session initialisée avec succès
[04-Aug-2025 19:05:07 Europe/Berlin] Connexion réussie, tentative de redirection
[04-Aug-2025 19:05:07 Europe/Berlin] Connexion à la base de données réussie
[04-Aug-2025 19:05:16 Europe/Berlin] Connexion à la base de données réussie
[04-Aug-2025 19:05:16 Europe/Berlin] Réception d'une requête POST
[04-Aug-2025 19:05:16 Europe/Berlin] Données reçues - Username: admin
[04-Aug-2025 19:05:16 Europe/Berlin] Tentative de vérification de connexion
[04-Aug-2025 19:05:16 Europe/Berlin] Début de la vérification de connexion pour l'utilisateur: admin
[04-Aug-2025 19:05:16 Europe/Berlin] Utilisateur trouvé dans la base de données
[04-Aug-2025 19:05:16 Europe/Berlin] Hash stocké: $2y$10$3GX3lYs0f/iSttZhUNYf1.3026KnlSv18x2TNkj2N2thSxjcHnwjG
[04-Aug-2025 19:05:16 Europe/Berlin] Échec de la vérification du mot de passe
[04-Aug-2025 19:05:16 Europe/Berlin] Échec de la connexion
[04-Aug-2025 19:05:18 Europe/Berlin] Connexion à la base de données réussie
[04-Aug-2025 19:05:22 Europe/Berlin] Connexion à la base de données réussie
[04-Aug-2025 19:05:22 Europe/Berlin] Réception d'une requête POST
[04-Aug-2025 19:05:22 Europe/Berlin] Données reçues - Username: admin
[04-Aug-2025 19:05:22 Europe/Berlin] Tentative de vérification de connexion
[04-Aug-2025 19:05:22 Europe/Berlin] Début de la vérification de connexion pour l'utilisateur: admin
[04-Aug-2025 19:05:22 Europe/Berlin] Utilisateur trouvé dans la base de données
[04-Aug-2025 19:05:22 Europe/Berlin] Hash stocké: $2y$10$3GX3lYs0f/iSttZhUNYf1.3026KnlSv18x2TNkj2N2thSxjcHnwjG
[04-Aug-2025 19:05:22 Europe/Berlin] Échec de la vérification du mot de passe
[04-Aug-2025 19:05:22 Europe/Berlin] Échec de la connexion
[04-Aug-2025 19:05:32 Europe/Berlin] Connexion à la base de données réussie
[04-Aug-2025 19:05:32 Europe/Berlin] Réception d'une requête POST
[04-Aug-2025 19:05:32 Europe/Berlin] Données reçues - Username: admin
[04-Aug-2025 19:05:32 Europe/Berlin] Tentative de vérification de connexion
[04-Aug-2025 19:05:32 Europe/Berlin] Début de la vérification de connexion pour l'utilisateur: admin
[04-Aug-2025 19:05:32 Europe/Berlin] Utilisateur trouvé dans la base de données
[04-Aug-2025 19:05:32 Europe/Berlin] Hash stocké: $2y$10$3GX3lYs0f/iSttZhUNYf1.3026KnlSv18x2TNkj2N2thSxjcHnwjG
[04-Aug-2025 19:05:32 Europe/Berlin] Échec de la vérification du mot de passe
[04-Aug-2025 19:05:32 Europe/Berlin] Échec de la connexion
[04-Aug-2025 19:05:58 Europe/Berlin] Connexion à la base de données réussie
[04-Aug-2025 19:05:58 Europe/Berlin] Réception d'une requête POST
[04-Aug-2025 19:05:58 Europe/Berlin] Données reçues - Username: admin
[04-Aug-2025 19:05:58 Europe/Berlin] Tentative de vérification de connexion
[04-Aug-2025 19:05:58 Europe/Berlin] Début de la vérification de connexion pour l'utilisateur: admin
[04-Aug-2025 19:05:58 Europe/Berlin] Utilisateur trouvé dans la base de données
[04-Aug-2025 19:05:58 Europe/Berlin] Hash stocké: $2y$10$3GX3lYs0f/iSttZhUNYf1.3026KnlSv18x2TNkj2N2thSxjcHnwjG
[04-Aug-2025 19:05:58 Europe/Berlin] Échec de la vérification du mot de passe
[04-Aug-2025 19:05:58 Europe/Berlin] Échec de la connexion
[04-Aug-2025 19:06:12 Europe/Berlin] Connexion à la base de données réussie
[04-Aug-2025 19:06:12 Europe/Berlin] Réception d'une requête POST
[04-Aug-2025 19:06:12 Europe/Berlin] Données reçues - Username: admin
[04-Aug-2025 19:06:12 Europe/Berlin] Tentative de vérification de connexion
[04-Aug-2025 19:06:12 Europe/Berlin] Début de la vérification de connexion pour l'utilisateur: admin
[04-Aug-2025 19:06:12 Europe/Berlin] Utilisateur trouvé dans la base de données
[04-Aug-2025 19:06:12 Europe/Berlin] Hash stocké: $2y$10$3GX3lYs0f/iSttZhUNYf1.3026KnlSv18x2TNkj2N2thSxjcHnwjG
[04-Aug-2025 19:06:12 Europe/Berlin] Échec de la vérification du mot de passe
[04-Aug-2025 19:06:12 Europe/Berlin] Échec de la connexion
[04-Aug-2025 19:06:30 Europe/Berlin] Connexion à la base de données réussie
[04-Aug-2025 19:06:30 Europe/Berlin] Réception d'une requête POST
[04-Aug-2025 19:06:30 Europe/Berlin] Données reçues - Username: admin
[04-Aug-2025 19:06:30 Europe/Berlin] Tentative de vérification de connexion
[04-Aug-2025 19:06:30 Europe/Berlin] Début de la vérification de connexion pour l'utilisateur: admin
[04-Aug-2025 19:06:30 Europe/Berlin] Utilisateur trouvé dans la base de données
[04-Aug-2025 19:06:30 Europe/Berlin] Hash stocké: $2y$10$3GX3lYs0f/iSttZhUNYf1.3026KnlSv18x2TNkj2N2thSxjcHnwjG
[04-Aug-2025 19:06:30 Europe/Berlin] Échec de la vérification du mot de passe
[04-Aug-2025 19:06:30 Europe/Berlin] Échec de la connexion
[04-Aug-2025 19:06:32 Europe/Berlin] Connexion à la base de données réussie
[04-Aug-2025 19:06:37 Europe/Berlin] Connexion à la base de données réussie
[04-Aug-2025 19:06:44 Europe/Berlin] Connexion à la base de données réussie
[04-Aug-2025 19:06:44 Europe/Berlin] Réception d'une requête POST
[04-Aug-2025 19:06:44 Europe/Berlin] Données reçues - Username: admin
[04-Aug-2025 19:06:44 Europe/Berlin] Tentative de vérification de connexion
[04-Aug-2025 19:06:44 Europe/Berlin] Début de la vérification de connexion pour l'utilisateur: admin
[04-Aug-2025 19:06:44 Europe/Berlin] Utilisateur trouvé dans la base de données
[04-Aug-2025 19:06:44 Europe/Berlin] Hash stocké: $2y$10$3GX3lYs0f/iSttZhUNYf1.3026KnlSv18x2TNkj2N2thSxjcHnwjG
[04-Aug-2025 19:06:44 Europe/Berlin] Mot de passe vérifié avec succès
[04-Aug-2025 19:06:44 Europe/Berlin] Session initialisée avec succès
[04-Aug-2025 19:06:44 Europe/Berlin] Connexion réussie, tentative de redirection
[04-Aug-2025 19:06:45 Europe/Berlin] Connexion à la base de données réussie
[04-Aug-2025 19:07:27 Europe/Berlin] Connexion à la base de données réussie
[04-Aug-2025 19:07:27 Europe/Berlin] Réception d'une requête POST
[04-Aug-2025 19:07:27 Europe/Berlin] Données reçues - Username: admin
[04-Aug-2025 19:07:27 Europe/Berlin] Tentative de vérification de connexion
[04-Aug-2025 19:07:27 Europe/Berlin] Début de la vérification de connexion pour l'utilisateur: admin
[04-Aug-2025 19:07:27 Europe/Berlin] Utilisateur trouvé dans la base de données
[04-Aug-2025 19:07:27 Europe/Berlin] Hash stocké: $2y$10$3GX3lYs0f/iSttZhUNYf1.3026KnlSv18x2TNkj2N2thSxjcHnwjG
[04-Aug-2025 19:07:27 Europe/Berlin] Mot de passe vérifié avec succès
[04-Aug-2025 19:07:27 Europe/Berlin] Session initialisée avec succès
[04-Aug-2025 19:07:27 Europe/Berlin] Connexion réussie, tentative de redirection
[04-Aug-2025 19:07:28 Europe/Berlin] Connexion à la base de données réussie
[04-Aug-2025 19:07:42 Europe/Berlin] Connexion à la base de données réussie
[04-Aug-2025 19:07:42 Europe/Berlin] Réception d'une requête POST
[04-Aug-2025 19:07:42 Europe/Berlin] Données reçues - Username: admin
[04-Aug-2025 19:07:42 Europe/Berlin] Tentative de vérification de connexion
[04-Aug-2025 19:07:42 Europe/Berlin] Début de la vérification de connexion pour l'utilisateur: admin
[04-Aug-2025 19:07:42 Europe/Berlin] Utilisateur trouvé dans la base de données
[04-Aug-2025 19:07:42 Europe/Berlin] Hash stocké: $2y$10$3GX3lYs0f/iSttZhUNYf1.3026KnlSv18x2TNkj2N2thSxjcHnwjG
[04-Aug-2025 19:07:42 Europe/Berlin] Mot de passe vérifié avec succès
[04-Aug-2025 19:07:42 Europe/Berlin] Session initialisée avec succès
[04-Aug-2025 19:07:42 Europe/Berlin] Connexion réussie, tentative de redirection
[04-Aug-2025 19:07:43 Europe/Berlin] Connexion à la base de données réussie
[04-Aug-2025 19:08:33 Europe/Berlin] Connexion à la base de données réussie
[04-Aug-2025 19:08:37 Europe/Berlin] Connexion à la base de données réussie
[04-Aug-2025 19:08:37 Europe/Berlin] Réception d'une requête POST
[04-Aug-2025 19:08:37 Europe/Berlin] Données reçues - Username: admin
[04-Aug-2025 19:08:37 Europe/Berlin] Tentative de vérification de connexion
[04-Aug-2025 19:08:37 Europe/Berlin] Début de la vérification de connexion pour l'utilisateur: admin
[04-Aug-2025 19:08:37 Europe/Berlin] Utilisateur trouvé dans la base de données
[04-Aug-2025 19:08:37 Europe/Berlin] Hash stocké: $2y$10$3GX3lYs0f/iSttZhUNYf1.3026KnlSv18x2TNkj2N2thSxjcHnwjG
[04-Aug-2025 19:08:37 Europe/Berlin] Mot de passe vérifié avec succès
[04-Aug-2025 19:08:37 Europe/Berlin] Session initialisée avec succès
[04-Aug-2025 19:08:37 Europe/Berlin] Connexion réussie, tentative de redirection
[04-Aug-2025 19:08:38 Europe/Berlin] Connexion à la base de données réussie
[04-Aug-2025 19:08:43 Europe/Berlin] Connexion à la base de données réussie
[04-Aug-2025 19:08:43 Europe/Berlin] Réception d'une requête POST
[04-Aug-2025 19:08:43 Europe/Berlin] Données reçues - Username: ifassande
[04-Aug-2025 19:08:43 Europe/Berlin] Tentative de vérification de connexion
[04-Aug-2025 19:08:43 Europe/Berlin] Début de la vérification de connexion pour l'utilisateur: ifassande
[04-Aug-2025 19:08:43 Europe/Berlin] Utilisateur trouvé dans la base de données
[04-Aug-2025 19:08:43 Europe/Berlin] Hash stocké: $2y$10$qqEpEk3t8BmIg9b8gSPEZOgOHl6eC.IKJHlmlfGS1kqOXfTDy09wy
[04-Aug-2025 19:08:44 Europe/Berlin] Mot de passe vérifié avec succès
[04-Aug-2025 19:08:44 Europe/Berlin] Session initialisée avec succès
[04-Aug-2025 19:08:44 Europe/Berlin] Connexion réussie, tentative de redirection
[04-Aug-2025 19:08:45 Europe/Berlin] Connexion à la base de données réussie
[04-Aug-2025 19:25:20 Europe/Berlin] Connexion à la base de données réussie
[04-Aug-2025 19:25:32 Europe/Berlin] Connexion à la base de données réussie
[04-Aug-2025 19:25:32 Europe/Berlin] Réception d'une requête POST
[04-Aug-2025 19:25:32 Europe/Berlin] Données reçues - Username: admin
[04-Aug-2025 19:25:32 Europe/Berlin] Tentative de vérification de connexion
[04-Aug-2025 19:25:32 Europe/Berlin] Début de la vérification de connexion pour l'utilisateur: admin
[04-Aug-2025 19:25:32 Europe/Berlin] Utilisateur trouvé dans la base de données
[04-Aug-2025 19:25:32 Europe/Berlin] Hash stocké: $2y$10$3GX3lYs0f/iSttZhUNYf1.3026KnlSv18x2TNkj2N2thSxjcHnwjG
[04-Aug-2025 19:25:32 Europe/Berlin] Mot de passe vérifié avec succès
[04-Aug-2025 19:25:32 Europe/Berlin] Session initialisée avec succès
[04-Aug-2025 19:25:32 Europe/Berlin] Connexion réussie, tentative de redirection
[04-Aug-2025 19:25:32 Europe/Berlin] Connexion à la base de données réussie
[04-Aug-2025 19:33:14 Europe/Berlin] Connexion à la base de données réussie
[04-Aug-2025 19:33:17 Europe/Berlin] Connexion à la base de données réussie
[04-Aug-2025 19:33:25 Europe/Berlin] Connexion à la base de données réussie
[04-Aug-2025 19:33:25 Europe/Berlin] Réception d'une requête POST
[04-Aug-2025 19:33:25 Europe/Berlin] Données reçues - Username: admin
[04-Aug-2025 19:33:25 Europe/Berlin] Tentative de vérification de connexion
[04-Aug-2025 19:33:25 Europe/Berlin] Début de la vérification de connexion pour l'utilisateur: admin
[04-Aug-2025 19:33:25 Europe/Berlin] Utilisateur trouvé dans la base de données
[04-Aug-2025 19:33:25 Europe/Berlin] Hash stocké: $2y$10$3GX3lYs0f/iSttZhUNYf1.3026KnlSv18x2TNkj2N2thSxjcHnwjG
[04-Aug-2025 19:33:25 Europe/Berlin] Mot de passe vérifié avec succès
[04-Aug-2025 19:33:25 Europe/Berlin] Session initialisée avec succès
[04-Aug-2025 19:33:25 Europe/Berlin] Connexion réussie, tentative de redirection
[04-Aug-2025 19:33:27 Europe/Berlin] Connexion à la base de données réussie
[04-Aug-2025 19:33:44 Europe/Berlin] Connexion à la base de données réussie
[04-Aug-2025 19:33:44 Europe/Berlin] Réception d'une requête POST
[04-Aug-2025 19:33:44 Europe/Berlin] Données reçues - Username: admin
[04-Aug-2025 19:33:44 Europe/Berlin] Tentative de vérification de connexion
[04-Aug-2025 19:33:44 Europe/Berlin] Début de la vérification de connexion pour l'utilisateur: admin
[04-Aug-2025 19:33:44 Europe/Berlin] Utilisateur trouvé dans la base de données
[04-Aug-2025 19:33:44 Europe/Berlin] Hash stocké: $2y$10$3GX3lYs0f/iSttZhUNYf1.3026KnlSv18x2TNkj2N2thSxjcHnwjG
[04-Aug-2025 19:33:44 Europe/Berlin] Mot de passe vérifié avec succès
[04-Aug-2025 19:33:44 Europe/Berlin] Session initialisée avec succès
[04-Aug-2025 19:33:44 Europe/Berlin] Connexion réussie, tentative de redirection
[04-Aug-2025 19:33:49 Europe/Berlin] Connexion à la base de données réussie
[04-Aug-2025 19:38:41 Europe/Berlin] Connexion à la base de données réussie
[04-Aug-2025 19:38:41 Europe/Berlin] Réception d'une requête POST
[04-Aug-2025 19:38:41 Europe/Berlin] Données reçues - Username: ifassande
[04-Aug-2025 19:38:41 Europe/Berlin] Tentative de vérification de connexion
[04-Aug-2025 19:38:41 Europe/Berlin] Début de la vérification de connexion pour l'utilisateur: ifassande
[04-Aug-2025 19:38:41 Europe/Berlin] Utilisateur trouvé dans la base de données
[04-Aug-2025 19:38:41 Europe/Berlin] Hash stocké: $2y$10$qqEpEk3t8BmIg9b8gSPEZOgOHl6eC.IKJHlmlfGS1kqOXfTDy09wy
[04-Aug-2025 19:38:41 Europe/Berlin] Mot de passe vérifié avec succès
[04-Aug-2025 19:38:41 Europe/Berlin] Session initialisée avec succès
[04-Aug-2025 19:38:41 Europe/Berlin] Connexion réussie, tentative de redirection
[04-Aug-2025 19:38:42 Europe/Berlin] Connexion à la base de données réussie
[04-Aug-2025 19:38:45 Europe/Berlin] Connexion à la base de données réussie
[04-Aug-2025 19:38:45 Europe/Berlin] Réception d'une requête POST
[04-Aug-2025 19:38:45 Europe/Berlin] Données reçues - Username: ifassande
[04-Aug-2025 19:38:45 Europe/Berlin] Tentative de vérification de connexion
[04-Aug-2025 19:38:45 Europe/Berlin] Début de la vérification de connexion pour l'utilisateur: ifassande
[04-Aug-2025 19:38:45 Europe/Berlin] Utilisateur trouvé dans la base de données
[04-Aug-2025 19:38:45 Europe/Berlin] Hash stocké: $2y$10$qqEpEk3t8BmIg9b8gSPEZOgOHl6eC.IKJHlmlfGS1kqOXfTDy09wy
[04-Aug-2025 19:38:45 Europe/Berlin] Mot de passe vérifié avec succès
[04-Aug-2025 19:38:45 Europe/Berlin] Session initialisée avec succès
[04-Aug-2025 19:38:45 Europe/Berlin] Connexion réussie, tentative de redirection
[04-Aug-2025 19:38:45 Europe/Berlin] Connexion à la base de données réussie
[04-Aug-2025 19:39:26 Europe/Berlin] Connexion à la base de données réussie
[04-Aug-2025 19:39:26 Europe/Berlin] Réception d'une requête POST
[04-Aug-2025 19:39:26 Europe/Berlin] Données reçues - Username: ifassande
[04-Aug-2025 19:39:26 Europe/Berlin] Tentative de vérification de connexion
[04-Aug-2025 19:39:26 Europe/Berlin] Début de la vérification de connexion pour l'utilisateur: ifassande
[04-Aug-2025 19:39:26 Europe/Berlin] Utilisateur trouvé dans la base de données
[04-Aug-2025 19:39:26 Europe/Berlin] Hash stocké: $2y$10$qqEpEk3t8BmIg9b8gSPEZOgOHl6eC.IKJHlmlfGS1kqOXfTDy09wy
[04-Aug-2025 19:39:27 Europe/Berlin] Mot de passe vérifié avec succès
[04-Aug-2025 19:39:27 Europe/Berlin] Session initialisée avec succès
[04-Aug-2025 19:39:27 Europe/Berlin] Connexion réussie, tentative de redirection
[04-Aug-2025 19:39:27 Europe/Berlin] Connexion à la base de données réussie
[04-Aug-2025 19:45:24 Europe/Berlin] Connexion à la base de données réussie
[04-Aug-2025 19:45:27 Europe/Berlin] Connexion à la base de données réussie
[04-Aug-2025 19:45:28 Europe/Berlin] Connexion à la base de données réussie
[04-Aug-2025 19:45:28 Europe/Berlin] Connexion à la base de données réussie
[04-Aug-2025 19:45:28 Europe/Berlin] Connexion à la base de données réussie
[04-Aug-2025 19:45:28 Europe/Berlin] Connexion à la base de données réussie
[04-Aug-2025 19:45:28 Europe/Berlin] Connexion à la base de données réussie
[04-Aug-2025 19:45:29 Europe/Berlin] Connexion à la base de données réussie
[04-Aug-2025 19:45:29 Europe/Berlin] Connexion à la base de données réussie
[04-Aug-2025 19:45:34 Europe/Berlin] Connexion à la base de données réussie
[04-Aug-2025 19:45:34 Europe/Berlin] Réception d'une requête POST
[04-Aug-2025 19:45:34 Europe/Berlin] Données reçues - Username: admin
[04-Aug-2025 19:45:34 Europe/Berlin] Tentative de vérification de connexion
[04-Aug-2025 19:45:34 Europe/Berlin] Début de la vérification de connexion pour l'utilisateur: admin
[04-Aug-2025 19:45:34 Europe/Berlin] Utilisateur trouvé dans la base de données
[04-Aug-2025 19:45:34 Europe/Berlin] Hash stocké: $2y$10$3GX3lYs0f/iSttZhUNYf1.3026KnlSv18x2TNkj2N2thSxjcHnwjG
[04-Aug-2025 19:45:34 Europe/Berlin] Mot de passe vérifié avec succès
[04-Aug-2025 19:45:34 Europe/Berlin] Session initialisée avec succès
[04-Aug-2025 19:45:34 Europe/Berlin] Connexion réussie, tentative de redirection
[04-Aug-2025 19:45:35 Europe/Berlin] Connexion à la base de données réussie
[04-Aug-2025 19:48:57 Europe/Berlin] Connexion à la base de données réussie
[04-Aug-2025 19:48:57 Europe/Berlin] Réception d'une requête POST
[04-Aug-2025 19:48:57 Europe/Berlin] Données reçues - Username: admin
[04-Aug-2025 19:48:57 Europe/Berlin] Tentative de vérification de connexion
[04-Aug-2025 19:48:57 Europe/Berlin] Début de la vérification de connexion pour l'utilisateur: admin
[04-Aug-2025 19:48:57 Europe/Berlin] Utilisateur trouvé dans la base de données
[04-Aug-2025 19:48:57 Europe/Berlin] Hash stocké: $2y$10$3GX3lYs0f/iSttZhUNYf1.3026KnlSv18x2TNkj2N2thSxjcHnwjG
[04-Aug-2025 19:48:57 Europe/Berlin] Mot de passe vérifié avec succès
[04-Aug-2025 19:48:57 Europe/Berlin] Session initialisée avec succès
[04-Aug-2025 19:48:57 Europe/Berlin] Connexion réussie, tentative de redirection
[04-Aug-2025 19:48:58 Europe/Berlin] Connexion à la base de données réussie
[04-Aug-2025 19:50:10 Europe/Berlin] Connexion à la base de données réussie
[04-Aug-2025 19:50:10 Europe/Berlin] Réception d'une requête POST
[04-Aug-2025 19:50:10 Europe/Berlin] Données reçues - Username: admin
[04-Aug-2025 19:50:10 Europe/Berlin] Tentative de vérification de connexion
[04-Aug-2025 19:50:10 Europe/Berlin] Début de la vérification de connexion pour l'utilisateur: admin
[04-Aug-2025 19:50:10 Europe/Berlin] Utilisateur trouvé dans la base de données
[04-Aug-2025 19:50:10 Europe/Berlin] Hash stocké: $2y$10$3GX3lYs0f/iSttZhUNYf1.3026KnlSv18x2TNkj2N2thSxjcHnwjG
[04-Aug-2025 19:50:10 Europe/Berlin] Mot de passe vérifié avec succès
[04-Aug-2025 19:50:10 Europe/Berlin] Session initialisée avec succès
[04-Aug-2025 19:50:10 Europe/Berlin] Connexion réussie, tentative de redirection
[04-Aug-2025 19:50:11 Europe/Berlin] Connexion à la base de données réussie
[04-Aug-2025 19:54:42 Europe/Berlin] Connexion à la base de données réussie
[04-Aug-2025 19:54:49 Europe/Berlin] Connexion à la base de données réussie
[04-Aug-2025 19:54:49 Europe/Berlin] Réception d'une requête POST
[04-Aug-2025 19:54:49 Europe/Berlin] Données reçues - Username: admin
[04-Aug-2025 19:54:49 Europe/Berlin] Tentative de vérification de connexion
[04-Aug-2025 19:54:49 Europe/Berlin] Début de la vérification de connexion pour l'utilisateur: admin
[04-Aug-2025 19:54:49 Europe/Berlin] Utilisateur trouvé dans la base de données
[04-Aug-2025 19:54:49 Europe/Berlin] Hash stocké: $2y$10$3GX3lYs0f/iSttZhUNYf1.3026KnlSv18x2TNkj2N2thSxjcHnwjG
[04-Aug-2025 19:54:49 Europe/Berlin] Mot de passe vérifié avec succès
[04-Aug-2025 19:54:49 Europe/Berlin] Session initialisée avec succès
[04-Aug-2025 19:54:49 Europe/Berlin] Connexion réussie, tentative de redirection
[04-Aug-2025 19:54:49 Europe/Berlin] Connexion à la base de données réussie
[05-Aug-2025 01:39:17 Europe/Berlin] Connexion à la base de données réussie
[05-Aug-2025 01:39:17 Europe/Berlin] Réception d'une requête POST
[05-Aug-2025 01:39:17 Europe/Berlin] Données reçues - Username: admin
[05-Aug-2025 01:39:17 Europe/Berlin] Tentative de vérification de connexion
[05-Aug-2025 01:39:17 Europe/Berlin] Début de la vérification de connexion pour l'utilisateur: admin
[05-Aug-2025 01:39:17 Europe/Berlin] Utilisateur trouvé dans la base de données
[05-Aug-2025 01:39:17 Europe/Berlin] Hash stocké: $2y$10$3GX3lYs0f/iSttZhUNYf1.3026KnlSv18x2TNkj2N2thSxjcHnwjG
[05-Aug-2025 01:39:17 Europe/Berlin] Mot de passe vérifié avec succès
[05-Aug-2025 01:39:17 Europe/Berlin] Session initialisée avec succès
[05-Aug-2025 01:39:17 Europe/Berlin] Connexion réussie, tentative de redirection
[05-Aug-2025 01:39:17 Europe/Berlin] Connexion à la base de données réussie
[05-Aug-2025 01:39:36 Europe/Berlin] Connexion à la base de données réussie
[05-Aug-2025 01:46:07 Europe/Berlin] Connexion à la base de données réussie
[05-Aug-2025 01:46:07 Europe/Berlin] Réception d'une requête POST
[05-Aug-2025 01:46:07 Europe/Berlin] Données reçues - Username: admin
[05-Aug-2025 01:46:07 Europe/Berlin] Tentative de vérification de connexion
[05-Aug-2025 01:46:07 Europe/Berlin] Début de la vérification de connexion pour l'utilisateur: admin
[05-Aug-2025 01:46:07 Europe/Berlin] Utilisateur trouvé dans la base de données
[05-Aug-2025 01:46:07 Europe/Berlin] Hash stocké: $2y$10$3GX3lYs0f/iSttZhUNYf1.3026KnlSv18x2TNkj2N2thSxjcHnwjG
[05-Aug-2025 01:46:07 Europe/Berlin] Mot de passe vérifié avec succès
[05-Aug-2025 01:46:07 Europe/Berlin] Session initialisée avec succès
[05-Aug-2025 01:46:07 Europe/Berlin] Connexion réussie, tentative de redirection
[05-Aug-2025 01:46:07 Europe/Berlin] Connexion à la base de données réussie
[05-Aug-2025 01:48:34 Europe/Berlin] Connexion à la base de données réussie
[05-Aug-2025 01:48:42 Europe/Berlin] Connexion à la base de données réussie
[05-Aug-2025 01:48:42 Europe/Berlin] Réception d'une requête POST
[05-Aug-2025 01:48:42 Europe/Berlin] Données reçues - Username: admin
[05-Aug-2025 01:48:42 Europe/Berlin] Tentative de vérification de connexion
[05-Aug-2025 01:48:42 Europe/Berlin] Début de la vérification de connexion pour l'utilisateur: admin
[05-Aug-2025 01:48:42 Europe/Berlin] Utilisateur trouvé dans la base de données
[05-Aug-2025 01:48:42 Europe/Berlin] Hash stocké: $2y$10$3GX3lYs0f/iSttZhUNYf1.3026KnlSv18x2TNkj2N2thSxjcHnwjG
[05-Aug-2025 01:48:42 Europe/Berlin] Mot de passe vérifié avec succès
[05-Aug-2025 01:48:42 Europe/Berlin] Session initialisée avec succès
[05-Aug-2025 01:48:42 Europe/Berlin] Connexion réussie, tentative de redirection
[05-Aug-2025 01:48:42 Europe/Berlin] Connexion à la base de données réussie
[05-Aug-2025 02:36:26 Europe/Berlin] Connexion à la base de données réussie
[05-Aug-2025 02:36:29 Europe/Berlin] Connexion à la base de données réussie
[05-Aug-2025 02:36:32 Europe/Berlin] Connexion à la base de données réussie
[05-Aug-2025 02:36:32 Europe/Berlin] Réception d'une requête POST
[05-Aug-2025 02:36:32 Europe/Berlin] Données reçues - Username: admin
[05-Aug-2025 02:36:32 Europe/Berlin] Tentative de vérification de connexion
[05-Aug-2025 02:36:32 Europe/Berlin] Début de la vérification de connexion pour l'utilisateur: admin
[05-Aug-2025 02:36:32 Europe/Berlin] Utilisateur trouvé dans la base de données
[05-Aug-2025 02:36:32 Europe/Berlin] Hash stocké: $2y$10$3GX3lYs0f/iSttZhUNYf1.3026KnlSv18x2TNkj2N2thSxjcHnwjG
[05-Aug-2025 02:36:32 Europe/Berlin] Mot de passe vérifié avec succès
[05-Aug-2025 02:36:32 Europe/Berlin] Session initialisée avec succès
[05-Aug-2025 02:36:32 Europe/Berlin] Connexion réussie, tentative de redirection
[05-Aug-2025 02:36:32 Europe/Berlin] Connexion à la base de données réussie
[05-Aug-2025 02:36:49 Europe/Berlin] Connexion à la base de données réussie
[05-Aug-2025 02:36:49 Europe/Berlin] Réception d'une requête POST
[05-Aug-2025 02:36:49 Europe/Berlin] Données reçues - Username: admin
[05-Aug-2025 02:36:49 Europe/Berlin] Tentative de vérification de connexion
[05-Aug-2025 02:36:49 Europe/Berlin] Début de la vérification de connexion pour l'utilisateur: admin
[05-Aug-2025 02:36:49 Europe/Berlin] Utilisateur trouvé dans la base de données
[05-Aug-2025 02:36:49 Europe/Berlin] Hash stocké: $2y$10$3GX3lYs0f/iSttZhUNYf1.3026KnlSv18x2TNkj2N2thSxjcHnwjG
[05-Aug-2025 02:36:49 Europe/Berlin] Mot de passe vérifié avec succès
[05-Aug-2025 02:36:49 Europe/Berlin] Session initialisée avec succès
[05-Aug-2025 02:36:49 Europe/Berlin] Connexion réussie, tentative de redirection
[05-Aug-2025 02:36:49 Europe/Berlin] Connexion à la base de données réussie
[05-Aug-2025 02:37:18 Europe/Berlin] Connexion à la base de données réussie
[05-Aug-2025 02:37:18 Europe/Berlin] Réception d'une requête POST
[05-Aug-2025 02:37:18 Europe/Berlin] Données reçues - Username: admin
[05-Aug-2025 02:37:18 Europe/Berlin] Tentative de vérification de connexion
[05-Aug-2025 02:37:18 Europe/Berlin] Début de la vérification de connexion pour l'utilisateur: admin
[05-Aug-2025 02:37:18 Europe/Berlin] Utilisateur trouvé dans la base de données
[05-Aug-2025 02:37:18 Europe/Berlin] Hash stocké: $2y$10$3GX3lYs0f/iSttZhUNYf1.3026KnlSv18x2TNkj2N2thSxjcHnwjG
[05-Aug-2025 02:37:19 Europe/Berlin] Mot de passe vérifié avec succès
[05-Aug-2025 02:37:19 Europe/Berlin] Session initialisée avec succès
[05-Aug-2025 02:37:19 Europe/Berlin] Connexion réussie, tentative de redirection
[05-Aug-2025 02:37:19 Europe/Berlin] Connexion à la base de données réussie
[05-Aug-2025 04:02:26 Europe/Berlin] Connexion à la base de données réussie
[05-Aug-2025 04:02:31 Europe/Berlin] Connexion à la base de données réussie
[05-Aug-2025 04:02:31 Europe/Berlin] Réception d'une requête POST
[05-Aug-2025 04:02:31 Europe/Berlin] Données reçues - Username: admin
[05-Aug-2025 04:02:31 Europe/Berlin] Tentative de vérification de connexion
[05-Aug-2025 04:02:31 Europe/Berlin] Début de la vérification de connexion pour l'utilisateur: admin
[05-Aug-2025 04:02:31 Europe/Berlin] Utilisateur trouvé dans la base de données
[05-Aug-2025 04:02:31 Europe/Berlin] Hash stocké: $2y$10$3GX3lYs0f/iSttZhUNYf1.3026KnlSv18x2TNkj2N2thSxjcHnwjG
[05-Aug-2025 04:02:32 Europe/Berlin] Mot de passe vérifié avec succès
[05-Aug-2025 04:02:32 Europe/Berlin] Session initialisée avec succès
[05-Aug-2025 04:02:32 Europe/Berlin] Connexion réussie, tentative de redirection
[05-Aug-2025 04:02:32 Europe/Berlin] Connexion à la base de données réussie
[05-Aug-2025 04:02:38 Europe/Berlin] Connexion à la base de données réussie
[05-Aug-2025 04:02:38 Europe/Berlin] Réception d'une requête POST
[05-Aug-2025 04:02:38 Europe/Berlin] Données reçues - Username: admin
[05-Aug-2025 04:02:38 Europe/Berlin] Tentative de vérification de connexion
[05-Aug-2025 04:02:38 Europe/Berlin] Début de la vérification de connexion pour l'utilisateur: admin
[05-Aug-2025 04:02:38 Europe/Berlin] Utilisateur trouvé dans la base de données
[05-Aug-2025 04:02:38 Europe/Berlin] Hash stocké: $2y$10$3GX3lYs0f/iSttZhUNYf1.3026KnlSv18x2TNkj2N2thSxjcHnwjG
[05-Aug-2025 04:02:38 Europe/Berlin] Mot de passe vérifié avec succès
[05-Aug-2025 04:02:38 Europe/Berlin] Session initialisée avec succès
[05-Aug-2025 04:02:38 Europe/Berlin] Connexion réussie, tentative de redirection
[05-Aug-2025 04:02:38 Europe/Berlin] Connexion à la base de données réussie
[05-Aug-2025 04:09:04 Europe/Berlin] Connexion à la base de données réussie
[05-Aug-2025 04:09:16 Europe/Berlin] Connexion à la base de données réussie
[05-Aug-2025 04:09:16 Europe/Berlin] Réception d'une requête POST
[05-Aug-2025 04:09:16 Europe/Berlin] Données reçues - Username: admin
[05-Aug-2025 04:09:16 Europe/Berlin] Tentative de vérification de connexion
[05-Aug-2025 04:09:16 Europe/Berlin] Début de la vérification de connexion pour l'utilisateur: admin
[05-Aug-2025 04:09:16 Europe/Berlin] Utilisateur trouvé dans la base de données
[05-Aug-2025 04:09:16 Europe/Berlin] Hash stocké: $2y$10$3GX3lYs0f/iSttZhUNYf1.3026KnlSv18x2TNkj2N2thSxjcHnwjG
[05-Aug-2025 04:09:16 Europe/Berlin] Mot de passe vérifié avec succès
[05-Aug-2025 04:09:16 Europe/Berlin] Session initialisée avec succès
[05-Aug-2025 04:09:16 Europe/Berlin] Connexion réussie, tentative de redirection
[05-Aug-2025 04:09:16 Europe/Berlin] Connexion à la base de données réussie
[05-Aug-2025 04:09:38 Europe/Berlin] Connexion à la base de données réussie
[05-Aug-2025 04:09:38 Europe/Berlin] Réception d'une requête POST
[05-Aug-2025 04:09:38 Europe/Berlin] Données reçues - Username: ahizi.g
[05-Aug-2025 04:09:38 Europe/Berlin] Tentative de vérification de connexion
[05-Aug-2025 04:09:38 Europe/Berlin] Début de la vérification de connexion pour l'utilisateur: ahizi.g
[05-Aug-2025 04:09:38 Europe/Berlin] Utilisateur trouvé dans la base de données
[05-Aug-2025 04:09:38 Europe/Berlin] Hash stocké: $2y$10$QGhTis/B4kwiwv.Xnrt9iee0xkn/d0EWUIQn4VdPJS8RdKUODbRFi
[05-Aug-2025 04:09:38 Europe/Berlin] Mot de passe vérifié avec succès
[05-Aug-2025 04:09:38 Europe/Berlin] Session initialisée avec succès
[05-Aug-2025 04:09:38 Europe/Berlin] Connexion réussie, tentative de redirection
[05-Aug-2025 04:09:38 Europe/Berlin] Connexion à la base de données réussie
[05-Aug-2025 04:15:00 Europe/Berlin] Connexion à la base de données réussie
[05-Aug-2025 04:15:30 Europe/Berlin] Connexion à la base de données réussie
[05-Aug-2025 04:15:41 Europe/Berlin] Connexion à la base de données réussie
[05-Aug-2025 04:15:41 Europe/Berlin] Réception d'une requête POST
[05-Aug-2025 04:15:41 Europe/Berlin] Données reçues - Username: admin
[05-Aug-2025 04:15:41 Europe/Berlin] Tentative de vérification de connexion
[05-Aug-2025 04:15:41 Europe/Berlin] Début de la vérification de connexion pour l'utilisateur: admin
[05-Aug-2025 04:15:41 Europe/Berlin] Utilisateur trouvé dans la base de données
[05-Aug-2025 04:15:41 Europe/Berlin] Hash stocké: $2y$10$3GX3lYs0f/iSttZhUNYf1.3026KnlSv18x2TNkj2N2thSxjcHnwjG
[05-Aug-2025 04:15:41 Europe/Berlin] Mot de passe vérifié avec succès
[05-Aug-2025 04:15:41 Europe/Berlin] Session initialisée avec succès
[05-Aug-2025 04:15:41 Europe/Berlin] Connexion réussie, tentative de redirection
[05-Aug-2025 04:15:41 Europe/Berlin] Connexion à la base de données réussie
[05-Aug-2025 04:22:45 Europe/Berlin] Connexion à la base de données réussie
[05-Aug-2025 04:22:54 Europe/Berlin] Connexion à la base de données réussie
[05-Aug-2025 04:22:54 Europe/Berlin] Tentative de connexion pour: admin
[05-Aug-2025 04:22:54 Europe/Berlin] Début de la vérification de connexion pour l'utilisateur: admin
[05-Aug-2025 04:22:54 Europe/Berlin] Utilisateur trouvé dans la base de données
[05-Aug-2025 04:22:54 Europe/Berlin] Mot de passe vérifié avec succès
[05-Aug-2025 04:22:54 Europe/Berlin] Session initialisée avec succès
[05-Aug-2025 04:22:54 Europe/Berlin] Connexion réussie pour: admin
[05-Aug-2025 04:22:57 Europe/Berlin] Connexion à la base de données réussie
[05-Aug-2025 04:23:09 Europe/Berlin] Connexion à la base de données réussie
[05-Aug-2025 04:23:09 Europe/Berlin] Tentative de connexion pour: admin
[05-Aug-2025 04:23:09 Europe/Berlin] Début de la vérification de connexion pour l'utilisateur: admin
[05-Aug-2025 04:23:09 Europe/Berlin] Utilisateur trouvé dans la base de données
[05-Aug-2025 04:23:09 Europe/Berlin] Mot de passe vérifié avec succès
[05-Aug-2025 04:23:09 Europe/Berlin] Session initialisée avec succès
[05-Aug-2025 04:23:09 Europe/Berlin] Connexion réussie pour: admin
[05-Aug-2025 04:23:14 Europe/Berlin] Connexion à la base de données réussie
[05-Aug-2025 04:34:05 Europe/Berlin] Connexion à la base de données réussie
[05-Aug-2025 04:34:13 Europe/Berlin] Connexion à la base de données réussie
[05-Aug-2025 04:34:13 Europe/Berlin] Tentative de connexion pour: admin
[05-Aug-2025 04:34:13 Europe/Berlin] Début de la vérification de connexion pour l'utilisateur: admin
[05-Aug-2025 04:34:13 Europe/Berlin] Utilisateur trouvé dans la base de données
[05-Aug-2025 04:34:13 Europe/Berlin] Mot de passe vérifié avec succès
[05-Aug-2025 04:34:13 Europe/Berlin] Session initialisée avec succès
[05-Aug-2025 04:34:13 Europe/Berlin] Connexion réussie pour: admin
[05-Aug-2025 04:34:16 Europe/Berlin] Connexion à la base de données réussie
[05-Aug-2025 04:35:52 Europe/Berlin] Connexion à la base de données réussie
[05-Aug-2025 04:38:55 Europe/Berlin] Connexion à la base de données réussie
[05-Aug-2025 04:39:10 Europe/Berlin] Connexion à la base de données réussie
[05-Aug-2025 04:39:10 Europe/Berlin] Tentative de connexion pour: admin
[05-Aug-2025 04:39:10 Europe/Berlin] Début de la vérification de connexion pour l'utilisateur: admin
[05-Aug-2025 04:39:10 Europe/Berlin] Utilisateur trouvé dans la base de données
[05-Aug-2025 04:39:10 Europe/Berlin] Mot de passe vérifié avec succès
[05-Aug-2025 04:39:10 Europe/Berlin] Session initialisée avec succès
[05-Aug-2025 04:39:10 Europe/Berlin] Connexion réussie pour: admin
[05-Aug-2025 04:39:13 Europe/Berlin] Connexion à la base de données réussie
[05-Aug-2025 04:40:48 Europe/Berlin] Connexion à la base de données réussie
[05-Aug-2025 04:40:48 Europe/Berlin] Tentative de connexion pour: admin
[05-Aug-2025 04:40:48 Europe/Berlin] Début de la vérification de connexion pour l'utilisateur: admin
[05-Aug-2025 04:40:48 Europe/Berlin] Utilisateur trouvé dans la base de données
[05-Aug-2025 04:40:48 Europe/Berlin] Mot de passe vérifié avec succès
[05-Aug-2025 04:40:48 Europe/Berlin] Session initialisée avec succès
[05-Aug-2025 04:40:48 Europe/Berlin] Connexion réussie pour: admin
[05-Aug-2025 04:40:50 Europe/Berlin] Connexion à la base de données réussie
[05-Aug-2025 04:41:03 Europe/Berlin] Connexion à la base de données réussie
[05-Aug-2025 04:41:03 Europe/Berlin] Tentative de connexion pour: ahizi.g
[05-Aug-2025 04:41:03 Europe/Berlin] Début de la vérification de connexion pour l'utilisateur: ahizi.g
[05-Aug-2025 04:41:03 Europe/Berlin] Utilisateur trouvé dans la base de données
[05-Aug-2025 04:41:03 Europe/Berlin] Mot de passe vérifié avec succès
[05-Aug-2025 04:41:03 Europe/Berlin] Session initialisée avec succès
[05-Aug-2025 04:41:03 Europe/Berlin] Connexion réussie pour: ahizi.g
[05-Aug-2025 04:41:06 Europe/Berlin] Connexion à la base de données réussie
[05-Aug-2025 04:43:21 Europe/Berlin] Connexion à la base de données réussie
[05-Aug-2025 04:43:30 Europe/Berlin] Connexion à la base de données réussie
[05-Aug-2025 04:43:30 Europe/Berlin] Tentative de connexion pour: admin
[05-Aug-2025 04:43:30 Europe/Berlin] Début de la vérification de connexion pour l'utilisateur: admin
[05-Aug-2025 04:43:30 Europe/Berlin] Utilisateur trouvé dans la base de données
[05-Aug-2025 04:43:30 Europe/Berlin] Mot de passe vérifié avec succès
[05-Aug-2025 04:43:30 Europe/Berlin] Session initialisée avec succès
[05-Aug-2025 04:43:30 Europe/Berlin] Connexion réussie pour: admin
[05-Aug-2025 04:43:33 Europe/Berlin] Connexion à la base de données réussie
[05-Aug-2025 04:43:48 Europe/Berlin] Connexion à la base de données réussie
[05-Aug-2025 04:43:48 Europe/Berlin] Tentative de connexion pour: admin
[05-Aug-2025 04:43:48 Europe/Berlin] Début de la vérification de connexion pour l'utilisateur: admin
[05-Aug-2025 04:43:48 Europe/Berlin] Utilisateur trouvé dans la base de données
[05-Aug-2025 04:43:48 Europe/Berlin] Mot de passe vérifié avec succès
[05-Aug-2025 04:43:48 Europe/Berlin] Session initialisée avec succès
[05-Aug-2025 04:43:48 Europe/Berlin] Connexion réussie pour: admin
[05-Aug-2025 04:43:51 Europe/Berlin] Connexion à la base de données réussie
[05-Aug-2025 04:44:21 Europe/Berlin] Connexion à la base de données réussie
[05-Aug-2025 04:44:21 Europe/Berlin] Tentative de connexion pour: admin
[05-Aug-2025 04:44:21 Europe/Berlin] Début de la vérification de connexion pour l'utilisateur: admin
[05-Aug-2025 04:44:21 Europe/Berlin] Utilisateur trouvé dans la base de données
[05-Aug-2025 04:44:22 Europe/Berlin] Mot de passe vérifié avec succès
[05-Aug-2025 04:44:22 Europe/Berlin] Session initialisée avec succès
[05-Aug-2025 04:44:22 Europe/Berlin] Connexion réussie pour: admin
[05-Aug-2025 04:44:25 Europe/Berlin] Connexion à la base de données réussie
[05-Aug-2025 04:51:30 Europe/Berlin] Connexion à la base de données réussie
[05-Aug-2025 04:51:35 Europe/Berlin] Connexion à la base de données réussie
[05-Aug-2025 04:52:47 Europe/Berlin] Connexion à la base de données réussie
[05-Aug-2025 04:52:56 Europe/Berlin] Connexion à la base de données réussie
[05-Aug-2025 04:52:56 Europe/Berlin] Tentative de connexion pour: admin
[05-Aug-2025 04:52:56 Europe/Berlin] Début de la vérification de connexion pour l'utilisateur: admin
[05-Aug-2025 04:52:56 Europe/Berlin] Utilisateur trouvé dans la base de données
[05-Aug-2025 04:52:56 Europe/Berlin] Mot de passe vérifié avec succès
[05-Aug-2025 04:52:56 Europe/Berlin] Session initialisée avec succès
[05-Aug-2025 04:52:56 Europe/Berlin] Connexion réussie pour: admin
[05-Aug-2025 04:52:58 Europe/Berlin] Connexion à la base de données réussie
[11-Aug-2025 16:26:46 Europe/Berlin] Erreur de connexion à la base de données : SQLSTATE[HY000] [2002] Aucune connexion n’a pu être établie car l’ordinateur cible l’a expressément refusée
[11-Aug-2025 16:26:46 Europe/Berlin] PHP Fatal error:  Uncaught Exception: Erreur de connexion à la base de données in C:\xampp\htdocs\conges\config.php:19
Stack trace:
#0 C:\xampp\htdocs\conges\index.php(11): getDBConnection()
#1 {main}
  thrown in C:\xampp\htdocs\conges\config.php on line 19
[11-Aug-2025 16:27:33 Europe/Berlin] Connexion à la base de données réussie
[11-Aug-2025 16:27:39 Europe/Berlin] Connexion à la base de données réussie
[11-Aug-2025 16:27:39 Europe/Berlin] Tentative de connexion pour: admin
[11-Aug-2025 16:27:39 Europe/Berlin] Début de la vérification de connexion pour l'utilisateur: admin
[11-Aug-2025 16:27:39 Europe/Berlin] Utilisateur trouvé dans la base de données
[11-Aug-2025 16:27:39 Europe/Berlin] Mot de passe vérifié avec succès
[11-Aug-2025 16:27:39 Europe/Berlin] Session initialisée avec succès
[11-Aug-2025 16:27:39 Europe/Berlin] Connexion réussie pour: admin
[13-Aug-2025 15:38:54 Europe/Berlin] Connexion à la base de données réussie
[13-Aug-2025 15:38:57 Europe/Berlin] Connexion à la base de données réussie
[13-Aug-2025 15:38:57 Europe/Berlin] Tentative de connexion pour: affiba.j
[13-Aug-2025 15:38:57 Europe/Berlin] Début de la vérification de connexion pour l'utilisateur: affiba.j
[13-Aug-2025 15:38:57 Europe/Berlin] Utilisateur trouvé dans la base de données
[13-Aug-2025 15:38:57 Europe/Berlin] Mot de passe vérifié avec succès
[13-Aug-2025 15:38:57 Europe/Berlin] Session initialisée avec succès
[13-Aug-2025 15:38:57 Europe/Berlin] Connexion réussie pour: affiba.j
[13-Aug-2025 15:39:14 Europe/Berlin] Connexion à la base de données réussie
[13-Aug-2025 15:39:28 Europe/Berlin] Connexion à la base de données réussie
[13-Aug-2025 15:39:28 Europe/Berlin] Tentative de connexion pour: admin
[13-Aug-2025 15:39:28 Europe/Berlin] Début de la vérification de connexion pour l'utilisateur: admin
[13-Aug-2025 15:39:28 Europe/Berlin] Utilisateur trouvé dans la base de données
[13-Aug-2025 15:39:28 Europe/Berlin] Mot de passe vérifié avec succès
[13-Aug-2025 15:39:28 Europe/Berlin] Session initialisée avec succès
[13-Aug-2025 15:39:28 Europe/Berlin] Connexion réussie pour: admin
[15-Aug-2025 03:04:15 Europe/Berlin] Connexion à la base de données réussie
[15-Aug-2025 03:04:15 Europe/Berlin] Tentative de connexion pour: affiba.j
[15-Aug-2025 03:04:15 Europe/Berlin] Début de la vérification de connexion pour l'utilisateur: affiba.j
[15-Aug-2025 03:04:15 Europe/Berlin] Utilisateur trouvé dans la base de données
[15-Aug-2025 03:04:15 Europe/Berlin] Mot de passe vérifié avec succès
[15-Aug-2025 03:04:15 Europe/Berlin] Session initialisée avec succès
[15-Aug-2025 03:04:16 Europe/Berlin] Connexion réussie pour: affiba.j
[15-Aug-2025 03:04:25 Europe/Berlin] Connexion à la base de données réussie
[15-Aug-2025 03:04:25 Europe/Berlin] Tentative de connexion pour: admin
[15-Aug-2025 03:04:25 Europe/Berlin] Début de la vérification de connexion pour l'utilisateur: admin
[15-Aug-2025 03:04:25 Europe/Berlin] Utilisateur trouvé dans la base de données
[15-Aug-2025 03:04:25 Europe/Berlin] Mot de passe vérifié avec succès
[15-Aug-2025 03:04:25 Europe/Berlin] Session initialisée avec succès
[15-Aug-2025 03:04:25 Europe/Berlin] Connexion réussie pour: admin
[15-Aug-2025 03:04:32 Europe/Berlin] Connexion à la base de données réussie
[15-Aug-2025 03:04:32 Europe/Berlin] Tentative de connexion pour: affiba.j
[15-Aug-2025 03:04:32 Europe/Berlin] Début de la vérification de connexion pour l'utilisateur: affiba.j
[15-Aug-2025 03:04:32 Europe/Berlin] Utilisateur trouvé dans la base de données
[15-Aug-2025 03:04:32 Europe/Berlin] Mot de passe vérifié avec succès
[15-Aug-2025 03:04:32 Europe/Berlin] Session initialisée avec succès
[15-Aug-2025 03:04:32 Europe/Berlin] Connexion réussie pour: affiba.j
[15-Aug-2025 04:05:29 Europe/Berlin] Connexion à la base de données réussie
[15-Aug-2025 04:05:29 Europe/Berlin] Tentative de connexion pour: affiba.j
[15-Aug-2025 04:05:29 Europe/Berlin] Début de la vérification de connexion pour l'utilisateur: affiba.j
[15-Aug-2025 04:05:29 Europe/Berlin] Utilisateur trouvé dans la base de données
[15-Aug-2025 04:05:29 Europe/Berlin] Mot de passe vérifié avec succès
[15-Aug-2025 04:05:29 Europe/Berlin] Session initialisée avec succès
[15-Aug-2025 04:05:29 Europe/Berlin] Connexion réussie pour: affiba.j
[15-Aug-2025 04:05:37 Europe/Berlin] Connexion à la base de données réussie
[15-Aug-2025 04:05:37 Europe/Berlin] Tentative de connexion pour: admin
[15-Aug-2025 04:05:37 Europe/Berlin] Début de la vérification de connexion pour l'utilisateur: admin
[15-Aug-2025 04:05:37 Europe/Berlin] Utilisateur trouvé dans la base de données
[15-Aug-2025 04:05:37 Europe/Berlin] Mot de passe vérifié avec succès
[15-Aug-2025 04:05:37 Europe/Berlin] Session initialisée avec succès
[15-Aug-2025 04:05:37 Europe/Berlin] Connexion réussie pour: admin
[15-Aug-2025 04:18:39 Europe/Berlin] Connexion à la base de données réussie
[15-Aug-2025 04:18:39 Europe/Berlin] Tentative de connexion pour: affiba.j
[15-Aug-2025 04:18:39 Europe/Berlin] Début de la vérification de connexion pour l'utilisateur: affiba.j
[15-Aug-2025 04:18:39 Europe/Berlin] Utilisateur trouvé dans la base de données
[15-Aug-2025 04:18:39 Europe/Berlin] Mot de passe vérifié avec succès
[15-Aug-2025 04:18:39 Europe/Berlin] Session initialisée avec succès
[15-Aug-2025 04:18:39 Europe/Berlin] Connexion réussie pour: affiba.j
